allocation_id,deal_id,investor_id,deal_currency,commitment_amount,price_discount_pct,effective_share_price,units,contributed_amount,outstanding_commitment,mgmt_fee_pct,performance_fee_pct,structuring_fee_pct,admin_fee_usd,fee_discount,allocation_status,allocation_date
ALC0001,DEAL001,INV001,USD,40000,10,2.25,17777.78,40000.0,0.0,2.0,20.0,4.0,450.0,No,Active,2022-03-15
ALC0002,DEAL001,INV002,USD,103000,10,2.25,45777.78,103000.0,0.0,2.0,20.0,4.0,450.0,No,Active,2022-03-15
ALC0003,DEAL001,INV010,USD,45000,0,2.5,18000.0,45000.0,0.0,2.0,20.0,4.0,450.0,No,Active,2022-03-15
ALC0004,DEAL001,INV009,USD,22000,0,2.5,8800.0,22000.0,0.0,2.0,10.0,4.0,0.0,Yes,Active,2022-03-15
ALC0005,DEAL001,INV020,USD,86000,5,2.375,36210.53,86000.0,0.0,2.0,15.0,3.0,450.0,Yes,Active,2022-03-15
ALC0006,DEAL001,INV041,USD,55000,0,2.5,22000.0,55000.0,0.0,0.0,15.0,4.0,0.0,Yes,Active,2022-03-15
ALC0007,DEAL001,INV109,USD,68000,5,2.375,28631.58,68000.0,0.0,1.0,20.0,3.0,450.0,Yes,Active,2022-03-15
ALC0008,DEAL001,INV093,USD,122000,0,2.5,48800.0,122000.0,0.0,2.0,15.0,0.0,450.0,Yes,Active,2022-03-15
ALC0009,DEAL001,INV042,USD,50000,10,2.25,22222.22,50000.0,0.0,2.0,20.0,4.0,450.0,No,Active,2022-03-15
ALC0010,DEAL001,INV058,USD,61000,0,2.5,24400.0,61000.0,0.0,2.0,20.0,3.0,0.0,Yes,Active,2022-03-15
ALC0011,DEAL001,INV112,USD,61000,10,2.25,27111.11,61000.0,0.0,2.0,20.0,4.0,450.0,No,Active,2022-03-15
ALC0012,DEAL001,INV004,USD,48000,10,2.25,21333.33,48000.0,0.0,2.0,20.0,0.0,0.0,Yes,Active,2022-03-15
ALC0013,DEAL001,INV048,USD,101000,0,2.5,40400.0,101000.0,0.0,2.0,20.0,0.0,0.0,Yes,Active,2022-03-15
ALC0014,DEAL001,INV050,USD,13000,0,2.5,5200.0,13000.0,0.0,0.0,20.0,4.0,450.0,Yes,Active,2022-03-15
ALC0015,DEAL001,INV035,USD,23000,0,2.5,9200.0,23000.0,0.0,2.0,20.0,0.0,450.0,Yes,Active,2022-03-15
ALC0016,DEAL001,INV085,USD,26000,5,2.375,10947.37,26000.0,0.0,2.0,20.0,0.0,450.0,Yes,Active,2022-03-15
ALC0017,DEAL001,INV056,USD,42000,15,2.125,19764.71,42000.0,0.0,2.0,15.0,4.0,0.0,Yes,Active,2022-03-15
ALC0018,DEAL001,INV019,USD,59000,0,2.5,23600.0,59000.0,0.0,1.0,20.0,4.0,0.0,Yes,Active,2022-03-15
ALC0019,DEAL001,INV015,USD,40000,0,2.5,16000.0,40000.0,0.0,2.0,20.0,4.0,450.0,No,Active,2022-03-15
ALC0020,DEAL001,INV107,USD,71000,0,2.5,28400.0,71000.0,0.0,2.0,20.0,4.0,450.0,No,Active,2022-03-15
ALC0021,DEAL001,INV031,USD,20000,0,2.5,8000.0,20000.0,0.0,2.0,20.0,4.0,450.0,No,Active,2022-03-15
ALC0022,DEAL001,INV014,USD,14000,0,2.5,5600.0,14000.0,0.0,2.0,20.0,4.0,450.0,No,Active,2022-03-15
ALC0023,DEAL001,INV040,USD,30000,0,2.5,12000.0,30000.0,0.0,1.5,15.0,3.0,0.0,Yes,Active,2022-03-15
ALC0024,DEAL002,INV001,USD,35000,0,7.8,4487.18,35000.0,0.0,2.0,20.0,4.0,450.0,No,Active,2023-11-20
ALC0025,DEAL002,INV003,USD,975000,0,7.8,125000.0,975000.0,0.0,2.0,20.0,4.0,450.0,No,Active,2023-11-20
ALC0026,DEAL002,INV004,USD,750000,0,7.8,96153.85,750000.0,0.0,2.0,20.0,4.0,450.0,No,Active,2023-11-20
ALC0027,DEAL002,INV009,USD,80000,0,7.8,10256.41,80000.0,0.0,2.0,20.0,4.0,450.0,No,Active,2023-11-20
ALC0028,DEAL002,INV015,USD,30000,0,7.8,3846.15,30000.0,0.0,2.0,20.0,4.0,450.0,No,Active,2023-11-20
ALC0029,DEAL002,INV093,USD,32000,0,7.8,4102.56,32000.0,0.0,2.0,20.0,4.0,450.0,No,Active,2023-11-20
ALC0030,DEAL002,INV107,USD,124000,0,7.8,15897.44,124000.0,0.0,2.0,20.0,4.0,450.0,No,Active,2023-11-20
ALC0031,DEAL002,INV017,USD,17000,0,7.8,2179.49,17000.0,0.0,1.5,15.0,2.0,0.0,Yes,Active,2023-11-20
ALC0032,DEAL002,INV091,USD,51000,0,7.8,6538.46,51000.0,0.0,2.0,20.0,4.0,450.0,No,Active,2023-11-20
ALC0033,DEAL002,INV082,USD,24000,0,7.8,3076.92,24000.0,0.0,2.0,20.0,4.0,450.0,No,Active,2023-11-20
ALC0034,DEAL002,INV096,USD,53000,0,7.8,6794.87,53000.0,0.0,1.5,20.0,4.0,450.0,Yes,Active,2023-11-20
ALC0035,DEAL002,INV033,USD,42000,0,7.8,5384.62,42000.0,0.0,2.0,20.0,4.0,450.0,No,Active,2023-11-20
ALC0036,DEAL002,INV048,USD,48000,0,7.8,6153.85,48000.0,0.0,2.0,20.0,4.0,450.0,No,Active,2023-11-20
ALC0037,DEAL002,INV103,USD,72000,0,7.8,9230.77,72000.0,0.0,2.0,20.0,4.0,450.0,No,Active,2023-11-20
ALC0038,DEAL002,INV007,USD,41000,0,7.8,5256.41,41000.0,0.0,2.0,20.0,4.0,450.0,No,Active,2023-11-20
ALC0039,DEAL002,INV112,USD,16000,0,7.8,2051.28,16000.0,0.0,2.0,15.0,4.0,450.0,Yes,Active,2023-11-20
ALC0040,DEAL002,INV101,USD,104000,0,7.8,13333.33,104000.0,0.0,2.0,20.0,4.0,450.0,No,Active,2023-11-20
ALC0041,DEAL002,INV104,USD,27000,0,7.8,3461.54,27000.0,0.0,2.0,20.0,4.0,450.0,No,Active,2023-11-20
ALC0042,DEAL002,INV090,USD,29000,0,7.8,3717.95,29000.0,0.0,2.0,20.0,4.0,450.0,No,Active,2023-11-20
ALC0043,DEAL002,INV059,USD,55000,0,7.8,7051.28,55000.0,0.0,2.0,20.0,4.0,450.0,No,Active,2023-11-20
ALC0044,DEAL002,INV062,USD,13000,0,7.8,1666.67,13000.0,0.0,2.0,20.0,4.0,450.0,No,Active,2023-11-20
ALC0045,DEAL002,INV089,USD,66000,0,7.8,8461.54,66000.0,0.0,2.0,20.0,4.0,450.0,No,Active,2023-11-20
ALC0046,DEAL002,INV058,USD,30000,0,7.8,3846.15,30000.0,0.0,2.0,15.0,2.0,450.0,Yes,Active,2023-11-20
ALC0047,DEAL002,INV078,USD,43000,0,7.8,5512.82,43000.0,0.0,2.0,20.0,4.0,450.0,No,Active,2023-11-20
ALC0048,DEAL002,INV052,USD,205000,0,7.8,26282.05,205000.0,0.0,2.0,20.0,4.0,450.0,No,Active,2023-11-20
ALC0049,DEAL002,INV002,USD,23000,0,7.8,2948.72,23000.0,0.0,2.0,20.0,4.0,450.0,No,Active,2023-11-20
ALC0050,DEAL002,INV020,USD,15000,0,7.8,1923.08,15000.0,0.0,2.0,20.0,4.0,450.0,No,Active,2023-11-20
ALC0051,DEAL003,INV003,USD,950000,0,15.4,61688.31,570000.0,380000.0,2.0,20.0,4.0,450.0,No,Active,2025-09-25
ALC0052,DEAL003,INV001,USD,26000,0,15.4,1688.31,15600.0,10400.0,2.0,20.0,0.0,0.0,Yes,Active,2025-09-25
ALC0053,DEAL003,INV006,USD,600000,0,15.4,38961.04,360000.0,240000.0,2.0,20.0,4.0,450.0,No,Active,2025-09-25
ALC0054,DEAL003,INV091,USD,33000,0,15.4,2142.86,19800.0,13200.0,0.0,15.0,0.0,0.0,Yes,Active,2025-09-25
ALC0055,DEAL003,INV018,USD,43000,0,15.4,2792.21,25800.0,17200.0,1.0,20.0,4.0,450.0,Yes,Active,2025-09-25
ALC0056,DEAL003,INV084,USD,86000,0,15.4,5584.42,51600.0,34400.0,2.0,20.0,4.0,450.0,No,Active,2025-09-25
ALC0057,DEAL003,INV052,USD,33000,0,15.4,2142.86,19800.0,13200.0,0.0,20.0,4.0,0.0,Yes,Active,2025-09-25
ALC0058,DEAL003,INV069,USD,44000,0,15.4,2857.14,26400.0,17600.0,2.0,20.0,4.0,450.0,No,Active,2025-09-25
ALC0059,DEAL003,INV112,USD,42000,5,14.63,2870.81,25200.0,16800.0,2.0,20.0,4.0,450.0,No,Active,2025-09-25
ALC0060,DEAL003,INV097,USD,49000,0,15.4,3181.82,29400.0,19600.0,2.0,20.0,4.0,450.0,No,Active,2025-09-25
ALC0061,DEAL003,INV004,USD,22000,5,14.63,1503.76,13200.0,8800.0,2.0,10.0,2.0,450.0,Yes,Active,2025-09-25
ALC0062,DEAL003,INV093,USD,32000,5,14.63,2187.29,19200.0,12800.0,1.5,10.0,2.0,0.0,Yes,Active,2025-09-25
ALC0063,DEAL003,INV066,USD,38000,0,15.4,2467.53,22800.0,15200.0,2.0,20.0,2.0,450.0,Yes,Active,2025-09-25
ALC0064,DEAL003,INV089,USD,24000,0,15.4,1558.44,14400.0,9600.0,2.0,20.0,4.0,450.0,No,Active,2025-09-25
ALC0065,DEAL003,INV002,USD,40000,0,15.4,2597.4,24000.0,16000.0,0.0,10.0,2.0,0.0,Yes,Active,2025-09-25
ALC0066,DEAL003,INV036,USD,26000,0,15.4,1688.31,15600.0,10400.0,2.0,20.0,4.0,450.0,No,Active,2025-09-25
ALC0067,DEAL003,INV063,USD,70000,0,15.4,4545.45,42000.0,28000.0,2.0,20.0,4.0,450.0,No,Active,2025-09-25
ALC0068,DEAL003,INV104,USD,58000,0,15.4,3766.23,34800.0,23200.0,2.0,20.0,4.0,450.0,No,Active,2025-09-25
ALC0069,DEAL003,INV065,USD,89000,0,15.4,5779.22,53400.0,35600.0,2.0,20.0,4.0,450.0,No,Active,2025-09-25
ALC0070,DEAL003,INV101,USD,40000,0,15.4,2597.4,24000.0,16000.0,2.0,20.0,4.0,450.0,No,Active,2025-09-25
ALC0071,DEAL003,INV077,USD,114000,0,15.4,7402.6,68400.0,45600.0,2.0,20.0,4.0,450.0,No,Active,2025-09-25
ALC0072,DEAL003,INV031,USD,70000,0,15.4,4545.45,42000.0,28000.0,2.0,20.0,4.0,450.0,No,Active,2025-09-25
ALC0073,DEAL003,INV096,USD,37000,0,15.4,2402.6,22200.0,14800.0,2.0,20.0,4.0,0.0,Yes,Active,2025-09-25
ALC0074,DEAL003,INV056,USD,77000,5,14.63,5263.16,46200.0,30800.0,2.0,20.0,4.0,450.0,No,Active,2025-09-25
ALC0075,DEAL003,INV087,USD,26000,0,15.4,1688.31,15600.0,10400.0,1.0,20.0,4.0,0.0,Yes,Active,2025-09-25
ALC0076,DEAL003,INV017,USD,20000,0,15.4,1298.7,12000.0,8000.0,2.0,20.0,4.0,450.0,No,Active,2025-09-25
ALC0077,DEAL003,INV090,USD,38000,0,15.4,2467.53,22800.0,15200.0,0.0,20.0,4.0,0.0,Yes,Active,2025-09-25
ALC0078,DEAL003,INV033,USD,46000,0,15.4,2987.01,27600.0,18400.0,2.0,20.0,4.0,450.0,No,Active,2025-09-25
ALC0079,DEAL003,INV062,USD,52000,0,15.4,3376.62,31200.0,20800.0,2.0,10.0,4.0,450.0,Yes,Active,2025-09-25
ALC0080,DEAL003,INV040,USD,20000,0,15.4,1298.7,12000.0,8000.0,2.0,20.0,4.0,450.0,No,Active,2025-09-25
ALC0081,DEAL003,INV026,USD,47000,0,15.4,3051.95,28200.0,18800.0,2.0,20.0,0.0,0.0,Yes,Active,2025-09-25
ALC0082,DEAL003,INV053,USD,45000,5,14.63,3075.87,27000.0,18000.0,1.5,15.0,0.0,0.0,Yes,Active,2025-09-25
ALC0083,DEAL003,INV109,USD,46000,0,15.4,2987.01,27600.0,18400.0,2.0,20.0,4.0,450.0,No,Active,2025-09-25
ALC0084,DEAL003,INV058,USD,43000,5,14.63,2939.17,25800.0,17200.0,2.0,20.0,4.0,450.0,No,Active,2025-09-25
ALC0085,DEAL003,INV050,USD,10000,0,15.4,649.35,6000.0,4000.0,1.5,20.0,0.0,0.0,Yes,Active,2025-09-25
ALC0086,DEAL003,INV034,USD,43000,0,15.4,2792.21,25800.0,17200.0,2.0,20.0,4.0,450.0,No,Active,2025-09-25
ALC0087,DEAL003,INV085,USD,100000,0,15.4,6493.51,60000.0,40000.0,2.0,20.0,3.0,450.0,Yes,Active,2025-09-25
ALC0088,DEAL003,INV019,USD,238000,0,15.4,15454.55,142800.0,95200.0,2.0,20.0,4.0,0.0,Yes,Active,2025-09-25
ALC0089,DEAL003,INV081,USD,18000,0,15.4,1168.83,10800.0,7200.0,2.0,20.0,4.0,450.0,No,Active,2025-09-25
ALC0090,DEAL003,INV041,USD,51000,0,15.4,3311.69,30600.0,20400.0,2.0,20.0,4.0,450.0,No,Active,2025-09-25
ALC0091,DEAL003,INV012,USD,45000,0,15.4,2922.08,27000.0,18000.0,2.0,20.0,2.0,0.0,Yes,Active,2025-09-25
ALC0092,DEAL003,INV055,USD,40000,0,15.4,2597.4,24000.0,16000.0,2.0,20.0,4.0,450.0,No,Active,2025-09-25
ALC0093,DEAL003,INV054,USD,28000,0,15.4,1818.18,16800.0,11200.0,2.0,20.0,4.0,450.0,No,Active,2025-09-25
ALC0094,DEAL003,INV068,USD,55000,0,15.4,3571.43,33000.0,22000.0,2.0,20.0,4.0,450.0,No,Active,2025-09-25
ALC0095,DEAL003,INV103,USD,15000,0,15.4,974.03,9000.0,6000.0,2.0,20.0,4.0,450.0,No,Active,2025-09-25
ALC0096,DEAL003,INV106,USD,33000,0,15.4,2142.86,19800.0,13200.0,2.0,15.0,4.0,0.0,Yes,Active,2025-09-25
ALC0097,DEAL003,INV020,USD,27000,0,15.4,1753.25,16200.0,10800.0,2.0,20.0,4.0,450.0,No,Active,2025-09-25
ALC0098,DEAL003,INV032,USD,30000,0,15.4,1948.05,18000.0,12000.0,2.0,20.0,4.0,450.0,No,Active,2025-09-25
ALC0099,DEAL003,INV042,USD,16000,0,15.4,1038.96,9600.0,6400.0,2.0,20.0,4.0,450.0,No,Active,2025-09-25
ALC0100,DEAL003,INV108,USD,19000,0,15.4,1233.77,11400.0,7600.0,2.0,20.0,4.0,450.0,No,Active,2025-09-25
ALC0101,DEAL003,INV048,USD,57000,5,14.63,3896.1,34200.0,22800.0,2.0,15.0,4.0,450.0,Yes,Active,2025-09-25
ALC0102,DEAL003,INV010,USD,15000,0,15.4,974.03,9000.0,6000.0,1.0,20.0,4.0,450.0,Yes,Active,2025-09-25
ALC0103,DEAL003,INV061,USD,28000,0,15.4,1818.18,16800.0,11200.0,2.0,20.0,4.0,450.0,No,Active,2025-09-25
ALC0104,DEAL003,INV083,USD,108000,0,15.4,7012.99,64800.0,43200.0,2.0,20.0,4.0,450.0,No,Active,2025-09-25
ALC0105,DEAL003,INV037,USD,41000,0,15.4,2662.34,24600.0,16400.0,1.5,10.0,2.0,450.0,Yes,Active,2025-09-25
ALC0106,DEAL003,INV067,USD,69000,0,15.4,4480.52,41400.0,27600.0,2.0,20.0,0.0,450.0,Yes,Active,2025-09-25
ALC0107,DEAL003,INV075,USD,39000,0,15.4,2532.47,23400.0,15600.0,2.0,20.0,4.0,450.0,No,Active,2025-09-25
ALC0108,DEAL003,INV049,USD,131000,0,15.4,8506.49,78600.0,52400.0,0.0,20.0,3.0,0.0,Yes,Active,2025-09-25
ALC0109,DEAL003,INV072,USD,34000,0,15.4,2207.79,20400.0,13600.0,2.0,20.0,4.0,450.0,No,Active,2025-09-25
ALC0110,DEAL003,INV110,USD,69000,0,15.4,4480.52,41400.0,27600.0,2.0,20.0,4.0,450.0,No,Active,2025-09-25
ALC0111,DEAL003,INV079,USD,219000,0,15.4,14220.78,131400.0,87600.0,2.0,15.0,3.0,0.0,Yes,Active,2025-09-25
ALC0112,DEAL003,INV099,USD,167000,0,15.4,10844.16,100200.0,66800.0,2.0,20.0,4.0,450.0,No,Active,2025-09-25
ALC0113,DEAL003,INV074,USD,31000,5,14.63,2118.93,18600.0,12400.0,2.0,20.0,4.0,450.0,No,Active,2025-09-25
ALC0114,DEAL003,INV025,USD,43000,0,15.4,2792.21,25800.0,17200.0,2.0,20.0,4.0,450.0,No,Active,2025-09-25
ALC0115,DEAL003,INV051,USD,53000,0,15.4,3441.56,31800.0,21200.0,2.0,20.0,4.0,450.0,No,Active,2025-09-25
ALC0116,DEAL003,INV057,USD,27000,0,15.4,1753.25,16200.0,10800.0,2.0,20.0,4.0,450.0,No,Active,2025-09-25
ALC0117,DEAL003,INV043,USD,74000,0,15.4,4805.19,44400.0,29600.0,2.0,20.0,4.0,450.0,No,Active,2025-09-25
ALC0118,DEAL004,INV002,GBP,71000,0,4.2,16904.76,71000.0,0.0,1.5,15.0,3.0,450.0,No,Active,2023-02-10
ALC0119,DEAL004,INV017,GBP,29000,0,4.2,6904.76,29000.0,0.0,1.5,15.0,3.0,450.0,No,Active,2023-02-10
ALC0120,DEAL004,INV004,GBP,525000,0,4.2,125000.0,525000.0,0.0,0.0,10.0,0.0,0.0,Yes,Active,2023-02-10
ALC0121,DEAL004,INV011,GBP,26000,0,4.2,6190.48,26000.0,0.0,1.0,15.0,0.0,450.0,Yes,Active,2023-02-10
ALC0122,DEAL004,INV035,GBP,116000,0,4.2,27619.05,116000.0,0.0,1.5,15.0,3.0,450.0,No,Active,2023-02-10
ALC0123,DEAL004,INV109,GBP,96000,5,3.99,24060.15,96000.0,0.0,1.5,15.0,1.0,450.0,Yes,Active,2023-02-10
ALC0124,DEAL004,INV066,GBP,43000,0,4.2,10238.1,43000.0,0.0,1.5,15.0,3.0,0.0,Yes,Active,2023-02-10
ALC0125,DEAL004,INV067,GBP,37000,0,4.2,8809.52,37000.0,0.0,1.5,15.0,3.0,450.0,No,Active,2023-02-10
ALC0126,DEAL004,INV042,GBP,23000,0,4.2,5476.19,23000.0,0.0,1.5,15.0,3.0,450.0,No,Active,2023-02-10
ALC0127,DEAL004,INV037,GBP,62000,5,3.99,15538.85,62000.0,0.0,1.5,15.0,3.0,450.0,No,Active,2023-02-10
ALC0128,DEAL004,INV033,GBP,69000,0,4.2,16428.57,69000.0,0.0,1.5,10.0,0.0,450.0,Yes,Active,2023-02-10
ALC0129,DEAL004,INV087,GBP,94000,0,4.2,22380.95,94000.0,0.0,1.5,10.0,0.0,450.0,Yes,Active,2023-02-10
ALC0130,DEAL004,INV111,GBP,25000,0,4.2,5952.38,25000.0,0.0,1.5,15.0,3.0,450.0,No,Active,2023-02-10
ALC0131,DEAL004,INV084,GBP,10000,0,4.2,2380.95,10000.0,0.0,1.5,15.0,3.0,450.0,No,Active,2023-02-10
ALC0132,DEAL004,INV062,GBP,15000,0,4.2,3571.43,15000.0,0.0,0.0,15.0,0.0,0.0,Yes,Active,2023-02-10
ALC0133,DEAL004,INV019,GBP,16000,0,4.2,3809.52,16000.0,0.0,1.5,15.0,3.0,0.0,Yes,Active,2023-02-10
ALC0134,DEAL004,INV052,GBP,62000,0,4.2,14761.9,62000.0,0.0,1.5,15.0,3.0,450.0,No,Active,2023-02-10
ALC0135,DEAL004,INV063,GBP,30000,0,4.2,7142.86,30000.0,0.0,1.5,15.0,3.0,450.0,No,Active,2023-02-10
ALC0136,DEAL004,INV112,GBP,32000,0,4.2,7619.05,32000.0,0.0,1.5,15.0,3.0,450.0,No,Active,2023-02-10
ALC0137,DEAL004,INV090,GBP,55000,0,4.2,13095.24,55000.0,0.0,0.5,15.0,2.0,450.0,Yes,Active,2023-02-10
ALC0138,DEAL004,INV076,GBP,53000,0,4.2,12619.05,53000.0,0.0,1.5,15.0,3.0,450.0,No,Active,2023-02-10
ALC0139,DEAL004,INV085,GBP,29000,0,4.2,6904.76,29000.0,0.0,1.5,10.0,3.0,0.0,Yes,Active,2023-02-10
ALC0140,DEAL004,INV103,GBP,23000,0,4.2,5476.19,23000.0,0.0,1.5,15.0,3.0,450.0,No,Active,2023-02-10
ALC0141,DEAL004,INV060,GBP,18000,5,3.99,4511.28,18000.0,0.0,1.5,15.0,3.0,450.0,No,Active,2023-02-10
ALC0142,DEAL004,INV008,GBP,67000,0,4.2,15952.38,67000.0,0.0,1.0,15.0,3.0,0.0,Yes,Active,2023-02-10
ALC0143,DEAL004,INV041,GBP,43000,0,4.2,10238.1,43000.0,0.0,1.5,15.0,0.0,0.0,Yes,Active,2023-02-10
ALC0144,DEAL004,INV081,GBP,78000,0,4.2,18571.43,78000.0,0.0,1.5,15.0,3.0,450.0,No,Active,2023-02-10
ALC0145,DEAL004,INV048,GBP,11000,0,4.2,2619.05,11000.0,0.0,1.5,15.0,3.0,450.0,No,Active,2023-02-10
ALC0146,DEAL004,INV072,GBP,42000,0,4.2,10000.0,42000.0,0.0,1.5,15.0,3.0,450.0,No,Active,2023-02-10
ALC0147,DEAL005,INV020,USD,39000,15,0.85,45882.35,39000.0,0.0,2.0,15.0,5.0,0.0,Yes,Active,2021-09-01
ALC0148,DEAL005,INV005,USD,51000,15,0.85,60000.0,51000.0,0.0,2.0,20.0,5.0,450.0,No,Active,2021-09-01
ALC0149,DEAL005,INV010,USD,59000,0,1.0,59000.0,59000.0,0.0,2.0,20.0,5.0,450.0,No,Active,2021-09-01
ALC0150,DEAL005,INV089,USD,25000,0,1.0,25000.0,25000.0,0.0,2.0,20.0,5.0,450.0,No,Active,2021-09-01
ALC0151,DEAL005,INV014,USD,21000,0,1.0,21000.0,21000.0,0.0,1.0,20.0,0.0,0.0,Yes,Active,2021-09-01
ALC0152,DEAL005,INV040,USD,25000,0,1.0,25000.0,25000.0,0.0,2.0,20.0,5.0,450.0,No,Active,2021-09-01
ALC0153,DEAL005,INV048,USD,110000,0,1.0,110000.0,110000.0,0.0,1.5,15.0,0.0,450.0,Yes,Active,2021-09-01
ALC0154,DEAL005,INV106,USD,32000,15,0.85,37647.06,32000.0,0.0,1.0,15.0,5.0,0.0,Yes,Active,2021-09-01
ALC0155,DEAL005,INV033,USD,45000,0,1.0,45000.0,45000.0,0.0,1.0,20.0,4.0,450.0,Yes,Active,2021-09-01
ALC0156,DEAL005,INV003,USD,70000,0,1.0,70000.0,70000.0,0.0,1.0,20.0,3.0,0.0,Yes,Active,2021-09-01
ALC0157,DEAL005,INV085,USD,35000,10,0.9,38888.89,35000.0,0.0,1.0,20.0,5.0,0.0,Yes,Active,2021-09-01
ALC0158,DEAL005,INV028,USD,46000,0,1.0,46000.0,46000.0,0.0,1.5,20.0,5.0,450.0,Yes,Active,2021-09-01
ALC0159,DEAL005,INV109,USD,101000,15,0.85,118823.53,101000.0,0.0,2.0,20.0,3.0,450.0,Yes,Active,2021-09-01
ALC0160,DEAL005,INV088,USD,13000,20,0.8,16250.0,13000.0,0.0,2.0,20.0,5.0,450.0,No,Active,2021-09-01
ALC0161,DEAL005,INV037,USD,12000,0,1.0,12000.0,12000.0,0.0,2.0,20.0,5.0,450.0,No,Active,2021-09-01
ALC0162,DEAL005,INV087,USD,37000,0,1.0,37000.0,37000.0,0.0,2.0,20.0,5.0,450.0,No,Active,2021-09-01
ALC0163,DEAL005,INV074,USD,44000,0,1.0,44000.0,44000.0,0.0,2.0,20.0,5.0,450.0,No,Active,2021-09-01
ALC0164,DEAL005,INV079,USD,35000,0,1.0,35000.0,35000.0,0.0,2.0,20.0,5.0,0.0,Yes,Active,2021-09-01
ALC0165,DEAL006,INV003,USD,825000,0,18.5,44594.59,825000.0,0.0,2.0,20.0,4.0,450.0,No,Active,2024-06-12
ALC0166,DEAL006,INV006,USD,925000,0,18.5,50000.0,925000.0,0.0,2.0,10.0,4.0,0.0,Yes,Active,2024-06-12
ALC0167,DEAL006,INV012,USD,61000,0,18.5,3297.3,61000.0,0.0,2.0,20.0,4.0,450.0,No,Active,2024-06-12
ALC0168,DEAL006,INV001,USD,137000,0,18.5,7405.41,137000.0,0.0,1.0,20.0,0.0,0.0,Yes,Active,2024-06-12
ALC0169,DEAL006,INV050,USD,102000,0,18.5,5513.51,102000.0,0.0,0.0,15.0,3.0,450.0,Yes,Active,2024-06-12
ALC0170,DEAL006,INV032,USD,40000,0,18.5,2162.16,40000.0,0.0,2.0,20.0,4.0,450.0,No,Active,2024-06-12
ALC0171,DEAL006,INV010,USD,35000,0,18.5,1891.89,35000.0,0.0,2.0,20.0,4.0,450.0,No,Active,2024-06-12
ALC0172,DEAL006,INV090,USD,40000,0,18.5,2162.16,40000.0,0.0,2.0,20.0,4.0,450.0,No,Active,2024-06-12
ALC0173,DEAL006,INV009,USD,27000,0,18.5,1459.46,27000.0,0.0,2.0,20.0,4.0,450.0,No,Active,2024-06-12
ALC0174,DEAL006,INV036,USD,78000,0,18.5,4216.22,78000.0,0.0,2.0,20.0,4.0,450.0,No,Active,2024-06-12
ALC0175,DEAL006,INV031,USD,33000,0,18.5,1783.78,33000.0,0.0,2.0,20.0,4.0,450.0,No,Active,2024-06-12
ALC0176,DEAL006,INV042,USD,59000,0,18.5,3189.19,59000.0,0.0,2.0,20.0,4.0,450.0,No,Active,2024-06-12
ALC0177,DEAL006,INV040,USD,31000,0,18.5,1675.68,31000.0,0.0,2.0,10.0,2.0,450.0,Yes,Active,2024-06-12
ALC0178,DEAL006,INV059,USD,34000,0,18.5,1837.84,34000.0,0.0,2.0,20.0,4.0,450.0,No,Active,2024-06-12
ALC0179,DEAL006,INV041,USD,42000,0,18.5,2270.27,42000.0,0.0,2.0,20.0,4.0,450.0,No,Active,2024-06-12
ALC0180,DEAL006,INV085,USD,51000,0,18.5,2756.76,51000.0,0.0,2.0,20.0,4.0,450.0,No,Active,2024-06-12
ALC0181,DEAL006,INV048,USD,47000,0,18.5,2540.54,47000.0,0.0,2.0,20.0,4.0,450.0,No,Active,2024-06-12
ALC0182,DEAL006,INV037,USD,46000,0,18.5,2486.49,46000.0,0.0,2.0,20.0,4.0,450.0,No,Active,2024-06-12
ALC0183,DEAL006,INV002,USD,19000,0,18.5,1027.03,19000.0,0.0,2.0,20.0,4.0,450.0,No,Active,2024-06-12
ALC0184,DEAL006,INV062,USD,21000,0,18.5,1135.14,21000.0,0.0,1.5,15.0,4.0,450.0,Yes,Active,2024-06-12
ALC0185,DEAL006,INV103,USD,16000,0,18.5,864.86,16000.0,0.0,2.0,15.0,4.0,450.0,Yes,Active,2024-06-12
ALC0186,DEAL006,INV107,USD,22000,0,18.5,1189.19,22000.0,0.0,2.0,20.0,4.0,450.0,No,Active,2024-06-12
ALC0187,DEAL006,INV019,USD,74000,0,18.5,4000.0,74000.0,0.0,2.0,20.0,4.0,450.0,No,Active,2024-06-12
ALC0188,DEAL006,INV015,USD,30000,0,18.5,1621.62,30000.0,0.0,2.0,20.0,2.0,450.0,Yes,Active,2024-06-12
ALC0189,DEAL006,INV053,USD,55000,0,18.5,2972.97,55000.0,0.0,2.0,20.0,4.0,450.0,No,Active,2024-06-12
ALC0190,DEAL006,INV065,USD,28000,0,18.5,1513.51,28000.0,0.0,2.0,10.0,4.0,450.0,Yes,Active,2024-06-12
ALC0191,DEAL006,INV074,USD,42000,0,18.5,2270.27,42000.0,0.0,2.0,20.0,4.0,450.0,No,Active,2024-06-12
ALC0192,DEAL006,INV096,USD,20000,0,18.5,1081.08,20000.0,0.0,2.0,15.0,4.0,0.0,Yes,Active,2024-06-12
ALC0193,DEAL006,INV056,USD,47000,0,18.5,2540.54,47000.0,0.0,0.0,20.0,2.0,450.0,Yes,Active,2024-06-12
ALC0194,DEAL006,INV057,USD,56000,0,18.5,3027.03,56000.0,0.0,2.0,20.0,4.0,450.0,No,Active,2024-06-12
ALC0195,DEAL006,INV088,USD,56000,0,18.5,3027.03,56000.0,0.0,2.0,20.0,4.0,450.0,No,Active,2024-06-12
ALC0196,DEAL006,INV101,USD,58000,0,18.5,3135.14,58000.0,0.0,2.0,15.0,4.0,450.0,Yes,Active,2024-06-12
ALC0197,DEAL006,INV098,USD,49000,0,18.5,2648.65,49000.0,0.0,2.0,20.0,4.0,450.0,No,Active,2024-06-12
ALC0198,DEAL006,INV020,USD,23000,5,17.575,1308.68,23000.0,0.0,2.0,15.0,4.0,450.0,Yes,Active,2024-06-12
ALC0199,DEAL006,INV108,USD,38000,0,18.5,2054.05,38000.0,0.0,2.0,20.0,4.0,450.0,No,Active,2024-06-12
ALC0200,DEAL006,INV091,USD,77000,0,18.5,4162.16,77000.0,0.0,2.0,20.0,4.0,0.0,Yes,Active,2024-06-12
ALC0201,DEAL006,INV058,USD,19000,0,18.5,1027.03,19000.0,0.0,2.0,20.0,4.0,450.0,No,Active,2024-06-12
ALC0202,DEAL006,INV112,USD,110000,0,18.5,5945.95,110000.0,0.0,2.0,20.0,4.0,450.0,No,Active,2024-06-12
ALC0203,DEAL006,INV007,USD,34000,0,18.5,1837.84,34000.0,0.0,2.0,20.0,0.0,0.0,Yes,Active,2024-06-12
ALC0204,DEAL006,INV017,USD,34000,0,18.5,1837.84,34000.0,0.0,0.0,10.0,2.0,0.0,Yes,Active,2024-06-12
ALC0205,DEAL006,INV093,USD,51000,0,18.5,2756.76,51000.0,0.0,2.0,20.0,4.0,0.0,Yes,Active,2024-06-12
ALC0206,DEAL006,INV106,USD,48000,0,18.5,2594.59,48000.0,0.0,2.0,20.0,4.0,0.0,Yes,Active,2024-06-12
ALC0207,DEAL006,INV018,USD,47000,0,18.5,2540.54,47000.0,0.0,2.0,20.0,4.0,450.0,No,Active,2024-06-12
ALC0208,DEAL006,INV034,USD,31000,0,18.5,1675.68,31000.0,0.0,2.0,20.0,4.0,450.0,No,Active,2024-06-12
ALC0209,DEAL006,INV072,USD,61000,0,18.5,3297.3,61000.0,0.0,1.0,15.0,4.0,450.0,Yes,Active,2024-06-12
ALC0210,DEAL006,INV051,USD,42000,0,18.5,2270.27,42000.0,0.0,2.0,20.0,4.0,450.0,No,Active,2024-06-12
ALC0211,DEAL006,INV028,USD,114000,0,18.5,6162.16,114000.0,0.0,2.0,20.0,4.0,450.0,No,Active,2024-06-12
ALC0212,DEAL006,INV067,USD,50000,0,18.5,2702.7,50000.0,0.0,2.0,20.0,4.0,450.0,No,Active,2024-06-12
ALC0213,DEAL006,INV043,USD,77000,0,18.5,4162.16,77000.0,0.0,2.0,20.0,4.0,0.0,Yes,Active,2024-06-12
ALC0214,DEAL006,INV087,USD,21000,5,17.575,1194.88,21000.0,0.0,2.0,20.0,4.0,0.0,Yes,Active,2024-06-12
ALC0215,DEAL006,INV008,USD,24000,0,18.5,1297.3,24000.0,0.0,2.0,20.0,4.0,450.0,No,Active,2024-06-12
ALC0216,DEAL006,INV052,USD,73000,5,17.575,4153.63,73000.0,0.0,0.0,20.0,4.0,0.0,Yes,Active,2024-06-12
ALC0217,DEAL006,INV033,USD,43000,0,18.5,2324.32,43000.0,0.0,1.0,20.0,3.0,450.0,Yes,Active,2024-06-12
ALC0218,DEAL006,INV077,USD,22000,0,18.5,1189.19,22000.0,0.0,2.0,20.0,0.0,450.0,Yes,Active,2024-06-12
ALC0219,DEAL006,INV076,USD,27000,5,17.575,1536.27,27000.0,0.0,2.0,20.0,4.0,450.0,No,Active,2024-06-12
ALC0220,DEAL006,INV083,USD,54000,0,18.5,2918.92,54000.0,0.0,2.0,15.0,4.0,450.0,Yes,Active,2024-06-12
ALC0221,DEAL006,INV079,USD,102000,0,18.5,5513.51,102000.0,0.0,2.0,20.0,4.0,450.0,No,Active,2024-06-12
ALC0222,DEAL006,INV066,USD,72000,0,18.5,3891.89,72000.0,0.0,1.5,15.0,4.0,450.0,Yes,Active,2024-06-12
ALC0223,DEAL007,INV011,EUR,93000,0,3.1,30000.0,93000.0,0.0,0.0,25.0,5.0,450.0,Yes,Active,2021-11-05
ALC0224,DEAL007,INV016,EUR,47000,0,3.1,15161.29,47000.0,0.0,2.5,25.0,5.0,450.0,No,Active,2021-11-05
ALC0225,DEAL007,INV005,EUR,650000,0,3.1,209677.42,650000.0,0.0,2.5,25.0,5.0,450.0,No,Active,2021-11-05
ALC0226,DEAL007,INV002,EUR,84000,0,3.1,27096.77,84000.0,0.0,2.5,25.0,5.0,450.0,No,Active,2021-11-05
ALC0227,DEAL007,INV084,EUR,67000,0,3.1,21612.9,67000.0,0.0,2.5,25.0,5.0,450.0,No,Active,2021-11-05
ALC0228,DEAL007,INV065,EUR,40000,0,3.1,12903.23,40000.0,0.0,2.5,25.0,5.0,450.0,No,Active,2021-11-05
ALC0229,DEAL007,INV009,EUR,69000,0,3.1,22258.06,69000.0,0.0,2.5,20.0,5.0,450.0,Yes,Active,2021-11-05
ALC0230,DEAL007,INV040,EUR,38000,5,2.945,12903.23,38000.0,0.0,1.5,25.0,5.0,450.0,Yes,Active,2021-11-05
ALC0231,DEAL007,INV106,EUR,87000,0,3.1,28064.52,87000.0,0.0,2.5,25.0,5.0,450.0,No,Active,2021-11-05
ALC0232,DEAL007,INV032,EUR,81000,0,3.1,26129.03,81000.0,0.0,2.5,25.0,5.0,450.0,No,Active,2021-11-05
ALC0233,DEAL007,INV015,EUR,63000,0,3.1,20322.58,63000.0,0.0,2.5,25.0,5.0,450.0,No,Active,2021-11-05
ALC0234,DEAL007,INV109,EUR,32000,5,2.945,10865.87,32000.0,0.0,2.5,25.0,5.0,0.0,Yes,Active,2021-11-05
ALC0235,DEAL007,INV097,EUR,77000,0,3.1,24838.71,77000.0,0.0,2.5,25.0,5.0,450.0,No,Active,2021-11-05
ALC0236,DEAL007,INV062,EUR,72000,0,3.1,23225.81,72000.0,0.0,2.5,25.0,5.0,450.0,No,Active,2021-11-05
ALC0237,DEAL008,INV010,USD,43000,0,1.5,28666.67,43000.0,0.0,2.0,15.0,4.0,450.0,Yes,Active,2022-01-18
ALC0238,DEAL008,INV012,USD,75000,0,1.5,50000.0,75000.0,0.0,1.0,15.0,4.0,0.0,Yes,Active,2022-01-18
ALC0239,DEAL008,INV094,USD,33000,15,1.275,25882.35,33000.0,0.0,2.0,20.0,4.0,450.0,No,Active,2022-01-18
ALC0240,DEAL008,INV112,USD,19000,5,1.425,13333.33,19000.0,0.0,2.0,20.0,4.0,450.0,No,Active,2022-01-18
ALC0241,DEAL008,INV072,USD,14000,0,1.5,9333.33,14000.0,0.0,2.0,15.0,3.0,0.0,Yes,Active,2022-01-18
ALC0242,DEAL008,INV037,USD,22000,0,1.5,14666.67,22000.0,0.0,2.0,20.0,4.0,450.0,No,Active,2022-01-18
ALC0243,DEAL008,INV107,USD,74000,10,1.35,54814.81,74000.0,0.0,2.0,20.0,4.0,450.0,No,Active,2022-01-18
ALC0244,DEAL008,INV017,USD,59000,0,1.5,39333.33,59000.0,0.0,2.0,20.0,4.0,450.0,No,Active,2022-01-18
ALC0245,DEAL008,INV056,USD,33000,0,1.5,22000.0,33000.0,0.0,1.0,10.0,3.0,0.0,Yes,Active,2022-01-18
ALC0246,DEAL008,INV058,USD,19000,0,1.5,12666.67,19000.0,0.0,2.0,10.0,2.0,0.0,Yes,Active,2022-01-18
ALC0247,DEAL008,INV101,USD,29000,15,1.275,22745.1,29000.0,0.0,2.0,20.0,4.0,450.0,No,Active,2022-01-18
ALC0248,DEAL008,INV014,USD,111000,0,1.5,74000.0,111000.0,0.0,2.0,15.0,4.0,450.0,Yes,Active,2022-01-18
ALC0249,DEAL008,INV061,USD,33000,0,1.5,22000.0,33000.0,0.0,1.5,15.0,4.0,450.0,Yes,Active,2022-01-18
ALC0250,DEAL008,INV015,USD,17000,10,1.35,12592.59,17000.0,0.0,1.0,20.0,4.0,450.0,Yes,Active,2022-01-18
ALC0251,DEAL008,INV085,USD,19000,0,1.5,12666.67,19000.0,0.0,2.0,15.0,0.0,0.0,Yes,Active,2022-01-18
ALC0252,DEAL009,INV004,GBP,500000,0,5.0,100000.0,500000.0,0.0,2.0,20.0,4.0,450.0,No,Active,2021-10-30
ALC0253,DEAL009,INV008,GBP,84000,0,5.0,16800.0,84000.0,0.0,2.0,20.0,4.0,450.0,No,Active,2021-10-30
ALC0254,DEAL009,INV017,GBP,44000,0,5.0,8800.0,44000.0,0.0,2.0,20.0,3.0,450.0,Yes,Active,2021-10-30
ALC0255,DEAL009,INV093,GBP,77000,0,5.0,15400.0,77000.0,0.0,2.0,20.0,4.0,450.0,No,Active,2021-10-30
ALC0256,DEAL009,INV086,GBP,21000,0,5.0,4200.0,21000.0,0.0,2.0,20.0,4.0,450.0,No,Active,2021-10-30
ALC0257,DEAL009,INV058,GBP,18000,0,5.0,3600.0,18000.0,0.0,1.5,15.0,4.0,0.0,Yes,Active,2021-10-30
ALC0258,DEAL009,INV036,GBP,61000,0,5.0,12200.0,61000.0,0.0,2.0,15.0,2.0,450.0,Yes,Active,2021-10-30
ALC0259,DEAL009,INV037,GBP,19000,0,5.0,3800.0,19000.0,0.0,1.0,15.0,0.0,450.0,Yes,Active,2021-10-30
ALC0260,DEAL009,INV041,GBP,60000,0,5.0,12000.0,60000.0,0.0,2.0,20.0,4.0,450.0,No,Active,2021-10-30
ALC0261,DEAL009,INV056,GBP,232000,5,4.75,48842.11,232000.0,0.0,0.0,20.0,4.0,0.0,Yes,Active,2021-10-30
ALC0262,DEAL009,INV015,GBP,17000,0,5.0,3400.0,17000.0,0.0,2.0,15.0,4.0,0.0,Yes,Active,2021-10-30
ALC0263,DEAL009,INV084,GBP,51000,0,5.0,10200.0,51000.0,0.0,2.0,20.0,4.0,450.0,No,Active,2021-10-30
ALC0264,DEAL009,INV079,GBP,163000,0,5.0,32600.0,163000.0,0.0,2.0,20.0,4.0,450.0,No,Active,2021-10-30
ALC0265,DEAL009,INV090,GBP,44000,0,5.0,8800.0,44000.0,0.0,2.0,20.0,4.0,450.0,No,Active,2021-10-30
ALC0266,DEAL009,INV044,GBP,26000,0,5.0,5200.0,26000.0,0.0,2.0,20.0,4.0,450.0,No,Active,2021-10-30
ALC0267,DEAL009,INV066,GBP,41000,0,5.0,8200.0,41000.0,0.0,1.0,10.0,3.0,450.0,Yes,Active,2021-10-30
ALC0268,DEAL009,INV077,GBP,50000,0,5.0,10000.0,50000.0,0.0,1.5,20.0,4.0,450.0,Yes,Active,2021-10-30
ALC0269,DEAL009,INV053,GBP,36000,0,5.0,7200.0,36000.0,0.0,2.0,20.0,4.0,450.0,No,Active,2021-10-30
ALC0270,DEAL009,INV061,GBP,28000,0,5.0,5600.0,28000.0,0.0,1.0,20.0,4.0,450.0,Yes,Active,2021-10-30
ALC0271,DEAL009,INV075,GBP,28000,0,5.0,5600.0,28000.0,0.0,2.0,20.0,4.0,450.0,No,Active,2021-10-30
ALC0272,DEAL010,INV004,GBP,85000,0,10.0,8500.0,85000.0,0.0,1.0,20.0,4.0,450.0,Yes,Active,2023-07-22
ALC0273,DEAL010,INV013,GBP,25000,0,10.0,2500.0,25000.0,0.0,2.0,20.0,4.0,450.0,No,Active,2023-07-22
ALC0274,DEAL010,INV018,GBP,79000,0,10.0,7900.0,79000.0,0.0,2.0,20.0,4.0,0.0,Yes,Active,2023-07-22
ALC0275,DEAL010,INV012,GBP,19000,0,10.0,1900.0,19000.0,0.0,2.0,20.0,3.0,450.0,Yes,Active,2023-07-22
ALC0276,DEAL010,INV056,GBP,875000,0,10.0,87500.0,875000.0,0.0,0.0,10.0,4.0,450.0,Yes,Active,2023-07-22
ALC0277,DEAL010,INV105,GBP,950000,0,10.0,95000.0,950000.0,0.0,2.0,20.0,4.0,450.0,No,Active,2023-07-22
ALC0278,DEAL010,INV096,GBP,80000,0,10.0,8000.0,80000.0,0.0,2.0,20.0,4.0,450.0,No,Active,2023-07-22
ALC0279,DEAL010,INV008,GBP,40000,0,10.0,4000.0,40000.0,0.0,2.0,20.0,4.0,450.0,No,Active,2023-07-22
ALC0280,DEAL010,INV090,GBP,43000,0,10.0,4300.0,43000.0,0.0,2.0,20.0,2.0,0.0,Yes,Active,2023-07-22
ALC0281,DEAL010,INV085,GBP,42000,0,10.0,4200.0,42000.0,0.0,2.0,20.0,4.0,450.0,No,Active,2023-07-22
ALC0282,DEAL010,INV024,GBP,43000,0,10.0,4300.0,43000.0,0.0,2.0,20.0,4.0,450.0,No,Active,2023-07-22
ALC0283,DEAL010,INV006,GBP,58000,0,10.0,5800.0,58000.0,0.0,2.0,20.0,4.0,450.0,No,Active,2023-07-22
ALC0284,DEAL010,INV057,GBP,54000,0,10.0,5400.0,54000.0,0.0,1.5,20.0,4.0,450.0,Yes,Active,2023-07-22
ALC0285,DEAL010,INV015,GBP,62000,0,10.0,6200.0,62000.0,0.0,2.0,20.0,4.0,450.0,No,Active,2023-07-22
ALC0286,DEAL010,INV093,GBP,85000,0,10.0,8500.0,85000.0,0.0,2.0,20.0,4.0,450.0,No,Active,2023-07-22
ALC0287,DEAL010,INV043,GBP,57000,0,10.0,5700.0,57000.0,0.0,1.0,15.0,4.0,0.0,Yes,Active,2023-07-22
ALC0288,DEAL010,INV053,GBP,22000,0,10.0,2200.0,22000.0,0.0,2.0,20.0,4.0,450.0,No,Active,2023-07-22
ALC0289,DEAL010,INV032,GBP,37000,0,10.0,3700.0,37000.0,0.0,2.0,20.0,4.0,450.0,No,Active,2023-07-22
ALC0290,DEAL010,INV058,GBP,48000,0,10.0,4800.0,48000.0,0.0,2.0,20.0,4.0,450.0,No,Active,2023-07-22
ALC0291,DEAL010,INV042,GBP,47000,0,10.0,4700.0,47000.0,0.0,2.0,20.0,4.0,450.0,No,Active,2023-07-22
ALC0292,DEAL010,INV061,GBP,37000,0,10.0,3700.0,37000.0,0.0,2.0,20.0,4.0,450.0,No,Active,2023-07-22
ALC0293,DEAL010,INV071,GBP,74000,5,9.5,7789.47,74000.0,0.0,2.0,20.0,4.0,450.0,No,Active,2023-07-22
ALC0294,DEAL010,INV086,GBP,95000,5,9.5,10000.0,95000.0,0.0,2.0,20.0,4.0,450.0,No,Active,2023-07-22
ALC0295,DEAL010,INV101,GBP,49000,0,10.0,4900.0,49000.0,0.0,2.0,20.0,4.0,450.0,No,Active,2023-07-22
ALC0296,DEAL010,INV084,GBP,24000,0,10.0,2400.0,24000.0,0.0,2.0,20.0,4.0,450.0,No,Active,2023-07-22
ALC0297,DEAL010,INV091,GBP,20000,0,10.0,2000.0,20000.0,0.0,2.0,20.0,4.0,450.0,No,Active,2023-07-22
ALC0298,DEAL010,INV109,GBP,20000,0,10.0,2000.0,20000.0,0.0,2.0,20.0,2.0,450.0,Yes,Active,2023-07-22
ALC0299,DEAL010,INV106,GBP,11000,0,10.0,1100.0,11000.0,0.0,2.0,20.0,4.0,0.0,Yes,Active,2023-07-22
ALC0300,DEAL010,INV072,GBP,48000,0,10.0,4800.0,48000.0,0.0,0.0,20.0,4.0,450.0,Yes,Active,2023-07-22
ALC0301,DEAL010,INV079,GBP,43000,0,10.0,4300.0,43000.0,0.0,2.0,20.0,4.0,450.0,No,Active,2023-07-22
ALC0302,DEAL010,INV034,GBP,81000,0,10.0,8100.0,81000.0,0.0,2.0,20.0,4.0,450.0,No,Active,2023-07-22
ALC0303,DEAL010,INV087,GBP,21000,0,10.0,2100.0,21000.0,0.0,1.0,15.0,3.0,0.0,Yes,Active,2023-07-22
ALC0304,DEAL010,INV009,GBP,21000,0,10.0,2100.0,21000.0,0.0,2.0,20.0,4.0,450.0,No,Active,2023-07-22
ALC0305,DEAL010,INV033,GBP,57000,0,10.0,5700.0,57000.0,0.0,2.0,15.0,0.0,450.0,Yes,Active,2023-07-22
ALC0306,DEAL010,INV103,GBP,32000,5,9.5,3368.42,32000.0,0.0,2.0,20.0,4.0,450.0,No,Active,2023-07-22
ALC0307,DEAL010,INV050,GBP,50000,5,9.5,5263.16,50000.0,0.0,0.0,15.0,4.0,0.0,Yes,Active,2023-07-22
ALC0308,DEAL010,INV041,GBP,10000,0,10.0,1000.0,10000.0,0.0,2.0,20.0,4.0,450.0,No,Active,2023-07-22
ALC0309,DEAL010,INV077,GBP,56000,0,10.0,5600.0,56000.0,0.0,2.0,20.0,4.0,450.0,No,Active,2023-07-22
ALC0310,DEAL011,INV014,EUR,43000,0,5.5,7818.18,43000.0,0.0,2.0,20.0,3.0,450.0,No,Active,2023-04-14
ALC0311,DEAL011,INV011,EUR,52000,0,5.5,9454.55,52000.0,0.0,2.0,20.0,3.0,450.0,No,Active,2023-04-14
ALC0312,DEAL011,INV008,EUR,625000,0,5.5,113636.36,625000.0,0.0,2.0,20.0,3.0,450.0,No,Active,2023-04-14
ALC0313,DEAL011,INV058,EUR,167000,0,5.5,30363.64,167000.0,0.0,2.0,10.0,3.0,450.0,Yes,Active,2023-04-14
ALC0314,DEAL011,INV040,EUR,67000,0,5.5,12181.82,67000.0,0.0,1.5,20.0,1.0,450.0,Yes,Active,2023-04-14
ALC0315,DEAL011,INV019,EUR,30000,0,5.5,5454.55,30000.0,0.0,2.0,20.0,3.0,450.0,No,Active,2023-04-14
ALC0316,DEAL011,INV084,EUR,70000,0,5.5,12727.27,70000.0,0.0,2.0,20.0,3.0,450.0,No,Active,2023-04-14
ALC0317,DEAL011,INV048,EUR,63000,0,5.5,11454.55,63000.0,0.0,1.0,20.0,0.0,450.0,Yes,Active,2023-04-14
ALC0318,DEAL011,INV047,EUR,80000,0,5.5,14545.45,80000.0,0.0,2.0,20.0,3.0,450.0,No,Active,2023-04-14
ALC0319,DEAL011,INV061,EUR,54000,0,5.5,9818.18,54000.0,0.0,2.0,20.0,3.0,450.0,No,Active,2023-04-14
ALC0320,DEAL011,INV052,EUR,43000,0,5.5,7818.18,43000.0,0.0,1.5,15.0,1.0,0.0,Yes,Active,2023-04-14
ALC0321,DEAL011,INV090,EUR,58000,0,5.5,10545.45,58000.0,0.0,2.0,15.0,3.0,450.0,Yes,Active,2023-04-14
ALC0322,DEAL011,INV043,EUR,56000,0,5.5,10181.82,56000.0,0.0,2.0,20.0,3.0,0.0,Yes,Active,2023-04-14
ALC0323,DEAL011,INV031,EUR,48000,0,5.5,8727.27,48000.0,0.0,2.0,20.0,3.0,450.0,No,Active,2023-04-14
ALC0324,DEAL011,INV077,EUR,33000,0,5.5,6000.0,33000.0,0.0,2.0,20.0,3.0,450.0,No,Active,2023-04-14
ALC0325,DEAL011,INV072,EUR,23000,0,5.5,4181.82,23000.0,0.0,2.0,20.0,3.0,450.0,No,Active,2023-04-14
ALC0326,DEAL011,INV056,EUR,119000,0,5.5,21636.36,119000.0,0.0,2.0,15.0,1.0,0.0,Yes,Active,2023-04-14
ALC0327,DEAL011,INV035,EUR,32000,0,5.5,5818.18,32000.0,0.0,1.0,20.0,3.0,450.0,Yes,Active,2023-04-14
ALC0328,DEAL011,INV046,EUR,55000,0,5.5,10000.0,55000.0,0.0,1.0,15.0,3.0,450.0,Yes,Active,2023-04-14
ALC0329,DEAL011,INV112,EUR,72000,0,5.5,13090.91,72000.0,0.0,2.0,20.0,1.0,450.0,Yes,Active,2023-04-14
ALC0330,DEAL011,INV064,EUR,76000,0,5.5,13818.18,76000.0,0.0,2.0,20.0,3.0,450.0,No,Active,2023-04-14
ALC0331,DEAL011,INV096,EUR,70000,5,5.225,13397.13,70000.0,0.0,2.0,20.0,3.0,450.0,No,Active,2023-04-14
ALC0332,DEAL011,INV050,EUR,64000,0,5.5,11636.36,64000.0,0.0,2.0,20.0,3.0,0.0,Yes,Active,2023-04-14
ALC0333,DEAL012,INV009,AED,66000,0,2.0,33000.0,66000.0,0.0,1.5,10.0,0.0,450.0,Yes,Active,2023-10-02
ALC0334,DEAL012,INV005,AED,500000,0,2.0,250000.0,500000.0,0.0,0.5,20.0,4.0,450.0,Yes,Active,2023-10-02
ALC0335,DEAL012,INV077,AED,29000,0,2.0,14500.0,29000.0,0.0,1.5,20.0,4.0,450.0,No,Active,2023-10-02
ALC0336,DEAL012,INV052,AED,99000,0,2.0,49500.0,99000.0,0.0,1.0,20.0,4.0,450.0,Yes,Active,2023-10-02
ALC0337,DEAL012,INV103,AED,41000,0,2.0,20500.0,41000.0,0.0,1.5,20.0,4.0,450.0,No,Active,2023-10-02
ALC0338,DEAL012,INV040,AED,49000,0,2.0,24500.0,49000.0,0.0,0.0,20.0,4.0,450.0,Yes,Active,2023-10-02
ALC0339,DEAL012,INV042,AED,25000,0,2.0,12500.0,25000.0,0.0,1.5,15.0,2.0,450.0,Yes,Active,2023-10-02
ALC0340,DEAL012,INV066,AED,103000,10,1.8,57222.22,103000.0,0.0,1.5,20.0,3.0,450.0,Yes,Active,2023-10-02
ALC0341,DEAL012,INV057,AED,88000,0,2.0,44000.0,88000.0,0.0,1.5,20.0,4.0,450.0,No,Active,2023-10-02
ALC0342,DEAL013,INV012,USD,76000,0,4.4,17272.73,76000.0,0.0,1.0,15.0,3.0,0.0,Yes,Active,2022-08-30
ALC0343,DEAL013,INV015,USD,16000,0,4.4,3636.36,16000.0,0.0,2.0,20.0,4.0,450.0,No,Active,2022-08-30
ALC0344,DEAL013,INV018,USD,69000,0,4.4,15681.82,69000.0,0.0,2.0,10.0,4.0,450.0,Yes,Active,2022-08-30
ALC0345,DEAL013,INV019,USD,31000,0,4.4,7045.45,31000.0,0.0,2.0,20.0,4.0,450.0,No,Active,2022-08-30
ALC0346,DEAL013,INV003,USD,575000,0,4.4,130681.82,575000.0,0.0,2.0,20.0,4.0,0.0,Yes,Active,2022-08-30
ALC0347,DEAL013,INV026,USD,22000,0,4.4,5000.0,22000.0,0.0,2.0,20.0,4.0,450.0,No,Active,2022-08-30
ALC0348,DEAL013,INV045,USD,45000,0,4.4,10227.27,45000.0,0.0,1.0,15.0,4.0,0.0,Yes,Active,2022-08-30
ALC0349,DEAL013,INV109,USD,67000,0,4.4,15227.27,67000.0,0.0,2.0,20.0,2.0,450.0,Yes,Active,2022-08-30
ALC0350,DEAL013,INV092,USD,31000,0,4.4,7045.45,31000.0,0.0,2.0,10.0,0.0,0.0,Yes,Active,2022-08-30
ALC0351,DEAL013,INV104,USD,28000,0,4.4,6363.64,28000.0,0.0,2.0,20.0,4.0,450.0,No,Active,2022-08-30
ALC0352,DEAL013,INV075,USD,75000,0,4.4,17045.45,75000.0,0.0,2.0,15.0,4.0,450.0,Yes,Active,2022-08-30
ALC0353,DEAL013,INV049,USD,36000,0,4.4,8181.82,36000.0,0.0,2.0,20.0,4.0,450.0,No,Active,2022-08-30
ALC0354,DEAL013,INV085,USD,13000,0,4.4,2954.55,13000.0,0.0,2.0,10.0,0.0,0.0,Yes,Active,2022-08-30
ALC0355,DEAL013,INV077,USD,30000,0,4.4,6818.18,30000.0,0.0,2.0,20.0,4.0,450.0,No,Active,2022-08-30
ALC0356,DEAL013,INV048,USD,41000,0,4.4,9318.18,41000.0,0.0,2.0,20.0,4.0,0.0,Yes,Active,2022-08-30
ALC0357,DEAL013,INV052,USD,29000,0,4.4,6590.91,29000.0,0.0,2.0,15.0,4.0,450.0,Yes,Active,2022-08-30
ALC0358,DEAL013,INV036,USD,80000,0,4.4,18181.82,80000.0,0.0,2.0,20.0,4.0,450.0,No,Active,2022-08-30
ALC0359,DEAL013,INV017,USD,110000,0,4.4,25000.0,110000.0,0.0,2.0,20.0,4.0,450.0,No,Active,2022-08-30
ALC0360,DEAL013,INV040,USD,32000,0,4.4,7272.73,32000.0,0.0,2.0,20.0,4.0,450.0,No,Active,2022-08-30
ALC0361,DEAL013,INV043,USD,35000,0,4.4,7954.55,35000.0,0.0,2.0,20.0,4.0,450.0,No,Active,2022-08-30
ALC0362,DEAL013,INV112,USD,16000,0,4.4,3636.36,16000.0,0.0,2.0,20.0,4.0,0.0,Yes,Active,2022-08-30
ALC0363,DEAL013,INV074,USD,20000,0,4.4,4545.45,20000.0,0.0,1.0,15.0,4.0,450.0,Yes,Active,2022-08-30
ALC0364,DEAL013,INV093,USD,58000,0,4.4,13181.82,58000.0,0.0,2.0,20.0,4.0,450.0,No,Active,2022-08-30
ALC0365,DEAL013,INV020,USD,141000,0,4.4,32045.45,141000.0,0.0,2.0,20.0,4.0,450.0,No,Active,2022-08-30
ALC0366,DEAL013,INV079,USD,39000,0,4.4,8863.64,39000.0,0.0,2.0,20.0,4.0,450.0,No,Active,2022-08-30
ALC0367,DEAL013,INV066,USD,52000,5,4.18,12440.19,52000.0,0.0,2.0,10.0,4.0,0.0,Yes,Active,2022-08-30
ALC0368,DEAL013,INV072,USD,33000,0,4.4,7500.0,33000.0,0.0,2.0,20.0,4.0,450.0,No,Active,2022-08-30
ALC0369,DEAL014,INV007,USD,975000,0,11.2,87053.57,487500.0,487500.0,2.0,20.0,4.0,450.0,No,Active,2024-09-10
ALC0370,DEAL014,INV012,USD,22000,0,11.2,1964.29,11000.0,11000.0,2.0,20.0,4.0,0.0,Yes,Active,2024-09-10
ALC0371,DEAL014,INV006,USD,1000000,0,11.2,89285.71,500000.0,500000.0,1.0,20.0,4.0,450.0,Yes,Active,2024-09-10
ALC0372,DEAL014,INV042,USD,20000,0,11.2,1785.71,10000.0,10000.0,1.0,20.0,3.0,450.0,Yes,Active,2024-09-10
ALC0373,DEAL014,INV112,USD,44000,0,11.2,3928.57,22000.0,22000.0,2.0,20.0,4.0,450.0,No,Active,2024-09-10
ALC0374,DEAL014,INV072,USD,85000,0,11.2,7589.29,42500.0,42500.0,2.0,20.0,4.0,450.0,No,Active,2024-09-10
ALC0375,DEAL014,INV010,USD,174000,0,11.2,15535.71,87000.0,87000.0,2.0,10.0,2.0,450.0,Yes,Active,2024-09-10
ALC0376,DEAL014,INV091,USD,40000,0,11.2,3571.43,20000.0,20000.0,2.0,20.0,4.0,450.0,No,Active,2024-09-10
ALC0377,DEAL014,INV034,USD,23000,5,10.64,2161.65,11500.0,11500.0,2.0,20.0,4.0,450.0,No,Active,2024-09-10
ALC0378,DEAL014,INV062,USD,81000,0,11.2,7232.14,40500.0,40500.0,2.0,20.0,4.0,450.0,No,Active,2024-09-10
ALC0379,DEAL014,INV090,USD,77000,0,11.2,6875.0,38500.0,38500.0,2.0,20.0,4.0,450.0,No,Active,2024-09-10
ALC0380,DEAL014,INV018,USD,38000,5,10.64,3571.43,19000.0,19000.0,1.0,20.0,4.0,0.0,Yes,Active,2024-09-10
ALC0381,DEAL014,INV049,USD,27000,0,11.2,2410.71,13500.0,13500.0,2.0,20.0,4.0,450.0,No,Active,2024-09-10
ALC0382,DEAL014,INV096,USD,158000,5,10.64,14849.62,79000.0,79000.0,2.0,20.0,4.0,450.0,No,Active,2024-09-10
ALC0383,DEAL014,INV109,USD,19000,0,11.2,1696.43,9500.0,9500.0,2.0,20.0,4.0,450.0,No,Active,2024-09-10
ALC0384,DEAL014,INV081,USD,17000,0,11.2,1517.86,8500.0,8500.0,2.0,20.0,4.0,450.0,No,Active,2024-09-10
ALC0385,DEAL014,INV003,USD,35000,0,11.2,3125.0,17500.0,17500.0,2.0,20.0,0.0,0.0,Yes,Active,2024-09-10
ALC0386,DEAL014,INV041,USD,64000,0,11.2,5714.29,32000.0,32000.0,1.5,15.0,2.0,450.0,Yes,Active,2024-09-10
ALC0387,DEAL014,INV030,USD,65000,0,11.2,5803.57,32500.0,32500.0,2.0,20.0,4.0,450.0,No,Active,2024-09-10
ALC0388,DEAL014,INV026,USD,148000,0,11.2,13214.29,74000.0,74000.0,2.0,20.0,4.0,450.0,No,Active,2024-09-10
ALC0389,DEAL014,INV040,USD,66000,0,11.2,5892.86,33000.0,33000.0,0.0,20.0,0.0,450.0,Yes,Active,2024-09-10
ALC0390,DEAL014,INV056,USD,16000,0,11.2,1428.57,8000.0,8000.0,1.5,15.0,4.0,450.0,Yes,Active,2024-09-10
ALC0391,DEAL014,INV093,USD,37000,0,11.2,3303.57,18500.0,18500.0,1.0,20.0,4.0,450.0,Yes,Active,2024-09-10
ALC0392,DEAL014,INV106,USD,26000,0,11.2,2321.43,13000.0,13000.0,2.0,20.0,2.0,0.0,Yes,Active,2024-09-10
ALC0393,DEAL014,INV061,USD,10000,0,11.2,892.86,5000.0,5000.0,2.0,20.0,4.0,0.0,Yes,Active,2024-09-10
ALC0394,DEAL014,INV053,USD,94000,0,11.2,8392.86,47000.0,47000.0,2.0,20.0,4.0,450.0,No,Active,2024-09-10
ALC0395,DEAL014,INV066,USD,42000,0,11.2,3750.0,21000.0,21000.0,1.5,20.0,4.0,0.0,Yes,Active,2024-09-10
ALC0396,DEAL014,INV043,USD,11000,0,11.2,982.14,5500.0,5500.0,2.0,20.0,4.0,450.0,No,Active,2024-09-10
ALC0397,DEAL014,INV082,USD,57000,0,11.2,5089.29,28500.0,28500.0,2.0,20.0,4.0,450.0,No,Active,2024-09-10
ALC0398,DEAL014,INV017,USD,78000,0,11.2,6964.29,39000.0,39000.0,2.0,20.0,0.0,0.0,Yes,Active,2024-09-10
ALC0399,DEAL014,INV051,USD,55000,0,11.2,4910.71,27500.0,27500.0,2.0,20.0,4.0,450.0,No,Active,2024-09-10
ALC0400,DEAL014,INV097,USD,22000,0,11.2,1964.29,11000.0,11000.0,2.0,20.0,4.0,450.0,No,Active,2024-09-10
ALC0401,DEAL014,INV084,USD,58000,0,11.2,5178.57,29000.0,29000.0,2.0,15.0,4.0,450.0,Yes,Active,2024-09-10
ALC0402,DEAL014,INV105,USD,42000,0,11.2,3750.0,21000.0,21000.0,2.0,20.0,4.0,450.0,No,Active,2024-09-10
ALC0403,DEAL014,INV046,USD,70000,0,11.2,6250.0,35000.0,35000.0,2.0,20.0,3.0,450.0,Yes,Active,2024-09-10
ALC0404,DEAL014,INV108,USD,105000,0,11.2,9375.0,52500.0,52500.0,2.0,20.0,4.0,450.0,No,Active,2024-09-10
ALC0405,DEAL014,INV067,USD,19000,0,11.2,1696.43,9500.0,9500.0,2.0,20.0,4.0,450.0,No,Active,2024-09-10
ALC0406,DEAL014,INV069,USD,27000,0,11.2,2410.71,13500.0,13500.0,2.0,20.0,4.0,450.0,No,Active,2024-09-10
ALC0407,DEAL014,INV050,USD,53000,0,11.2,4732.14,26500.0,26500.0,2.0,20.0,4.0,450.0,No,Active,2024-09-10
ALC0408,DEAL015,INV013,USD,68000,0,1.25,54400.0,68000.0,0.0,2.0,20.0,5.0,450.0,No,Active,2023-01-12
ALC0409,DEAL015,INV087,USD,11000,0,1.25,8800.0,11000.0,0.0,2.0,20.0,5.0,450.0,No,Active,2023-01-12
ALC0410,DEAL015,INV090,USD,21000,15,1.0625,19764.71,21000.0,0.0,2.0,20.0,0.0,450.0,Yes,Active,2023-01-12
ALC0411,DEAL015,INV109,USD,32000,0,1.25,25600.0,32000.0,0.0,2.0,15.0,5.0,0.0,Yes,Active,2023-01-12
ALC0412,DEAL015,INV014,USD,69000,0,1.25,55200.0,69000.0,0.0,1.0,20.0,5.0,450.0,Yes,Active,2023-01-12
ALC0413,DEAL015,INV017,USD,48000,15,1.0625,45176.47,48000.0,0.0,2.0,10.0,0.0,450.0,Yes,Active,2023-01-12
ALC0414,DEAL015,INV041,USD,66000,0,1.25,52800.0,66000.0,0.0,2.0,15.0,5.0,450.0,Yes,Active,2023-01-12
ALC0415,DEAL015,INV112,USD,50000,10,1.125,44444.44,50000.0,0.0,1.5,20.0,3.0,450.0,Yes,Active,2023-01-12
ALC0416,DEAL015,INV093,USD,46000,0,1.25,36800.0,46000.0,0.0,1.0,20.0,0.0,450.0,Yes,Active,2023-01-12
ALC0417,DEAL015,INV094,USD,103000,10,1.125,91555.56,103000.0,0.0,2.0,20.0,5.0,450.0,No,Active,2023-01-12
ALC0418,DEAL015,INV084,USD,37000,0,1.25,29600.0,37000.0,0.0,2.0,20.0,5.0,450.0,No,Active,2023-01-12
ALC0419,DEAL015,INV044,USD,41000,0,1.25,32800.0,41000.0,0.0,2.0,15.0,5.0,450.0,Yes,Active,2023-01-12
ALC0420,DEAL015,INV074,USD,72000,10,1.125,64000.0,72000.0,0.0,0.0,20.0,3.0,450.0,Yes,Active,2023-01-12
ALC0421,DEAL015,INV035,USD,31000,0,1.25,24800.0,31000.0,0.0,2.0,15.0,5.0,0.0,Yes,Active,2023-01-12
ALC0422,DEAL015,INV096,USD,133000,0,1.25,106400.0,133000.0,0.0,2.0,20.0,4.0,450.0,Yes,Active,2023-01-12
ALC0423,DEAL015,INV102,USD,38000,0,1.25,30400.0,38000.0,0.0,2.0,20.0,5.0,450.0,No,Active,2023-01-12
ALC0424,DEAL015,INV034,USD,34000,15,1.0625,32000.0,34000.0,0.0,2.0,20.0,5.0,450.0,No,Active,2023-01-12
ALC0425,DEAL016,INV014,EUR,56000,0,6.0,9333.33,56000.0,0.0,2.5,20.0,4.0,0.0,Yes,Active,2023-05-19
ALC0426,DEAL016,INV016,EUR,25000,0,6.0,4166.67,25000.0,0.0,2.5,20.0,4.0,450.0,No,Active,2023-05-19
ALC0427,DEAL016,INV007,EUR,775000,0,6.0,129166.67,775000.0,0.0,2.5,20.0,4.0,450.0,No,Active,2023-05-19
ALC0428,DEAL016,INV050,EUR,16000,0,6.0,2666.67,16000.0,0.0,2.5,20.0,4.0,450.0,No,Active,2023-05-19
ALC0429,DEAL016,INV084,EUR,20000,0,6.0,3333.33,20000.0,0.0,2.5,20.0,4.0,450.0,No,Active,2023-05-19
ALC0430,DEAL016,INV058,EUR,49000,0,6.0,8166.67,49000.0,0.0,2.5,15.0,0.0,450.0,Yes,Active,2023-05-19
ALC0431,DEAL016,INV066,EUR,36000,0,6.0,6000.0,36000.0,0.0,2.5,20.0,4.0,450.0,No,Active,2023-05-19
ALC0432,DEAL016,INV085,EUR,70000,0,6.0,11666.67,70000.0,0.0,2.0,20.0,4.0,450.0,Yes,Active,2023-05-19
ALC0433,DEAL016,INV005,EUR,30000,0,6.0,5000.0,30000.0,0.0,2.5,20.0,4.0,450.0,No,Active,2023-05-19
ALC0434,DEAL016,INV041,EUR,72000,0,6.0,12000.0,72000.0,0.0,2.5,20.0,3.0,0.0,Yes,Active,2023-05-19
ALC0435,DEAL016,INV095,EUR,38000,0,6.0,6333.33,38000.0,0.0,0.0,10.0,4.0,450.0,Yes,Active,2023-05-19
ALC0436,DEAL016,INV010,EUR,38000,0,6.0,6333.33,38000.0,0.0,1.5,20.0,0.0,0.0,Yes,Active,2023-05-19
ALC0437,DEAL016,INV003,EUR,29000,0,6.0,4833.33,29000.0,0.0,2.5,15.0,4.0,450.0,Yes,Active,2023-05-19
ALC0438,DEAL016,INV042,EUR,39000,0,6.0,6500.0,39000.0,0.0,2.5,20.0,4.0,0.0,Yes,Active,2023-05-19
ALC0439,DEAL016,INV052,EUR,81000,0,6.0,13500.0,81000.0,0.0,2.5,20.0,4.0,450.0,No,Active,2023-05-19
ALC0440,DEAL016,INV038,EUR,59000,0,6.0,9833.33,59000.0,0.0,2.5,20.0,4.0,450.0,No,Active,2023-05-19
ALC0441,DEAL016,INV044,EUR,207000,0,6.0,34500.0,207000.0,0.0,2.5,20.0,4.0,450.0,No,Active,2023-05-19
ALC0442,DEAL016,INV033,EUR,114000,0,6.0,19000.0,114000.0,0.0,2.5,20.0,4.0,450.0,No,Active,2023-05-19
ALC0443,DEAL016,INV106,EUR,193000,0,6.0,32166.67,193000.0,0.0,2.5,20.0,4.0,450.0,No,Active,2023-05-19
ALC0444,DEAL016,INV053,EUR,151000,0,6.0,25166.67,151000.0,0.0,2.5,20.0,4.0,450.0,No,Active,2023-05-19
ALC0445,DEAL016,INV056,EUR,80000,0,6.0,13333.33,80000.0,0.0,2.5,20.0,4.0,450.0,No,Active,2023-05-19
ALC0446,DEAL016,INV105,EUR,24000,0,6.0,4000.0,24000.0,0.0,2.5,20.0,4.0,450.0,No,Active,2023-05-19
ALC0447,DEAL016,INV109,EUR,27000,0,6.0,4500.0,27000.0,0.0,2.5,15.0,4.0,450.0,Yes,Active,2023-05-19
ALC0448,DEAL016,INV096,EUR,79000,0,6.0,13166.67,79000.0,0.0,2.5,20.0,4.0,450.0,No,Active,2023-05-19
ALC0449,DEAL016,INV062,EUR,32000,0,6.0,5333.33,32000.0,0.0,2.5,20.0,4.0,0.0,Yes,Active,2023-05-19
ALC0450,DEAL016,INV059,EUR,64000,0,6.0,10666.67,64000.0,0.0,2.5,20.0,4.0,450.0,No,Active,2023-05-19
ALC0451,DEAL016,INV040,EUR,57000,0,6.0,9500.0,57000.0,0.0,2.5,20.0,4.0,0.0,Yes,Active,2023-05-19
ALC0452,DEAL016,INV087,EUR,39000,0,6.0,6500.0,39000.0,0.0,2.5,20.0,4.0,450.0,No,Active,2023-05-19
ALC0453,DEAL017,INV017,GBP,62000,0,3.6,17222.22,62000.0,0.0,2.0,20.0,4.0,450.0,No,Active,2024-03-08
ALC0454,DEAL017,INV004,GBP,700000,0,3.6,194444.44,700000.0,0.0,2.0,20.0,4.0,450.0,No,Active,2024-03-08
ALC0455,DEAL017,INV019,GBP,39000,0,3.6,10833.33,39000.0,0.0,2.0,20.0,4.0,450.0,No,Active,2024-03-08
ALC0456,DEAL017,INV062,GBP,34000,5,3.42,9941.52,34000.0,0.0,2.0,20.0,0.0,0.0,Yes,Active,2024-03-08
ALC0457,DEAL017,INV105,GBP,68000,0,3.6,18888.89,68000.0,0.0,2.0,20.0,4.0,450.0,No,Active,2024-03-08
ALC0458,DEAL017,INV033,GBP,25000,0,3.6,6944.44,25000.0,0.0,0.0,20.0,2.0,450.0,Yes,Active,2024-03-08
ALC0459,DEAL017,INV043,GBP,27000,0,3.6,7500.0,27000.0,0.0,2.0,20.0,4.0,450.0,No,Active,2024-03-08
ALC0460,DEAL017,INV067,GBP,44000,0,3.6,12222.22,44000.0,0.0,0.0,15.0,4.0,0.0,Yes,Active,2024-03-08
ALC0461,DEAL017,INV041,GBP,22000,0,3.6,6111.11,22000.0,0.0,2.0,20.0,4.0,450.0,No,Active,2024-03-08
ALC0462,DEAL017,INV052,GBP,97000,0,3.6,26944.44,97000.0,0.0,1.5,20.0,4.0,450.0,Yes,Active,2024-03-08
ALC0463,DEAL017,INV035,GBP,36000,0,3.6,10000.0,36000.0,0.0,2.0,20.0,4.0,450.0,No,Active,2024-03-08
ALC0464,DEAL017,INV018,GBP,102000,0,3.6,28333.33,102000.0,0.0,0.0,20.0,2.0,450.0,Yes,Active,2024-03-08
ALC0465,DEAL017,INV010,GBP,144000,0,3.6,40000.0,144000.0,0.0,2.0,20.0,4.0,450.0,No,Active,2024-03-08
ALC0466,DEAL018,INV011,EUR,23000,0,6.8,3382.35,23000.0,0.0,2.0,15.0,4.0,450.0,No,Active,2024-01-22
ALC0467,DEAL018,INV014,EUR,57000,0,6.8,8382.35,57000.0,0.0,2.0,10.0,4.0,450.0,Yes,Active,2024-01-22
ALC0468,DEAL018,INV008,EUR,775000,0,6.8,113970.59,775000.0,0.0,1.5,15.0,4.0,450.0,Yes,Active,2024-01-22
ALC0469,DEAL018,INV017,EUR,23000,0,6.8,3382.35,23000.0,0.0,2.0,15.0,4.0,450.0,No,Active,2024-01-22
ALC0470,DEAL018,INV026,EUR,11000,0,6.8,1617.65,11000.0,0.0,2.0,15.0,4.0,0.0,Yes,Active,2024-01-22
ALC0471,DEAL018,INV058,EUR,55000,0,6.8,8088.24,55000.0,0.0,2.0,10.0,4.0,0.0,Yes,Active,2024-01-22
ALC0472,DEAL018,INV087,EUR,63000,0,6.8,9264.71,63000.0,0.0,1.5,15.0,4.0,0.0,Yes,Active,2024-01-22
ALC0473,DEAL018,INV067,EUR,36000,0,6.8,5294.12,36000.0,0.0,2.0,10.0,4.0,0.0,Yes,Active,2024-01-22
ALC0474,DEAL018,INV040,EUR,16000,0,6.8,2352.94,16000.0,0.0,2.0,15.0,4.0,0.0,Yes,Active,2024-01-22
ALC0475,DEAL018,INV106,EUR,64000,5,6.46,9907.12,64000.0,0.0,2.0,10.0,4.0,0.0,Yes,Active,2024-01-22
ALC0476,DEAL018,INV095,EUR,36000,0,6.8,5294.12,36000.0,0.0,2.0,15.0,4.0,450.0,No,Active,2024-01-22
ALC0477,DEAL018,INV098,EUR,54000,0,6.8,7941.18,54000.0,0.0,2.0,15.0,4.0,450.0,No,Active,2024-01-22
ALC0478,DEAL018,INV018,EUR,48000,0,6.8,7058.82,48000.0,0.0,2.0,15.0,4.0,0.0,Yes,Active,2024-01-22
ALC0479,DEAL018,INV006,EUR,76000,0,6.8,11176.47,76000.0,0.0,2.0,15.0,4.0,450.0,No,Active,2024-01-22
ALC0480,DEAL018,INV093,EUR,15000,5,6.46,2321.98,15000.0,0.0,1.0,15.0,4.0,0.0,Yes,Active,2024-01-22
ALC0481,DEAL018,INV091,EUR,79000,0,6.8,11617.65,79000.0,0.0,2.0,15.0,4.0,450.0,No,Active,2024-01-22
ALC0482,DEAL018,INV041,EUR,20000,0,6.8,2941.18,20000.0,0.0,1.0,15.0,4.0,0.0,Yes,Active,2024-01-22
ALC0483,DEAL018,INV033,EUR,31000,0,6.8,4558.82,31000.0,0.0,2.0,15.0,0.0,0.0,Yes,Active,2024-01-22
ALC0484,DEAL018,INV080,EUR,82000,0,6.8,12058.82,82000.0,0.0,2.0,15.0,4.0,450.0,No,Active,2024-01-22
ALC0485,DEAL018,INV073,EUR,25000,0,6.8,3676.47,25000.0,0.0,2.0,15.0,4.0,450.0,No,Active,2024-01-22
ALC0486,DEAL018,INV108,EUR,40000,0,6.8,5882.35,40000.0,0.0,1.0,15.0,2.0,0.0,Yes,Active,2024-01-22
ALC0487,DEAL018,INV056,EUR,54000,0,6.8,7941.18,54000.0,0.0,0.0,10.0,0.0,0.0,Yes,Active,2024-01-22
ALC0488,DEAL018,INV084,EUR,27000,0,6.8,3970.59,27000.0,0.0,2.0,15.0,4.0,0.0,Yes,Active,2024-01-22
ALC0489,DEAL018,INV042,EUR,27000,0,6.8,3970.59,27000.0,0.0,2.0,15.0,4.0,450.0,No,Active,2024-01-22
ALC0490,DEAL018,INV038,EUR,21000,0,6.8,3088.24,21000.0,0.0,2.0,15.0,4.0,450.0,No,Active,2024-01-22
ALC0491,DEAL018,INV052,EUR,28000,0,6.8,4117.65,28000.0,0.0,2.0,15.0,4.0,450.0,No,Active,2024-01-22
ALC0492,DEAL018,INV050,EUR,30000,0,6.8,4411.76,30000.0,0.0,2.0,15.0,2.0,0.0,Yes,Active,2024-01-22
ALC0493,DEAL018,INV029,EUR,77000,0,6.8,11323.53,77000.0,0.0,2.0,15.0,4.0,450.0,No,Active,2024-01-22
ALC0494,DEAL018,INV066,EUR,56000,0,6.8,8235.29,56000.0,0.0,2.0,15.0,4.0,0.0,Yes,Active,2024-01-22
ALC0495,DEAL018,INV003,EUR,36000,0,6.8,5294.12,36000.0,0.0,2.0,15.0,4.0,450.0,No,Active,2024-01-22
ALC0496,DEAL018,INV075,EUR,33000,0,6.8,4852.94,33000.0,0.0,2.0,15.0,4.0,450.0,No,Active,2024-01-22
ALC0497,DEAL018,INV053,EUR,42000,0,6.8,6176.47,42000.0,0.0,2.0,10.0,4.0,0.0,Yes,Active,2024-01-22
ALC0498,DEAL018,INV035,EUR,54000,5,6.46,8359.13,54000.0,0.0,1.5,15.0,4.0,0.0,Yes,Active,2024-01-22
ALC0499,DEAL018,INV102,EUR,56000,0,6.8,8235.29,56000.0,0.0,2.0,10.0,4.0,0.0,Yes,Active,2024-01-22
ALC0500,DEAL018,INV039,EUR,119000,0,6.8,17500.0,119000.0,0.0,2.0,15.0,4.0,450.0,No,Active,2024-01-22
ALC0501,DEAL018,INV027,EUR,103000,0,6.8,15147.06,103000.0,0.0,2.0,15.0,4.0,450.0,No,Active,2024-01-22
ALC0502,DEAL018,INV045,EUR,22000,0,6.8,3235.29,22000.0,0.0,2.0,15.0,4.0,450.0,No,Active,2024-01-22
ALC0503,DEAL018,INV081,EUR,28000,0,6.8,4117.65,28000.0,0.0,2.0,15.0,4.0,450.0,No,Active,2024-01-22
ALC0504,DEAL018,INV055,EUR,23000,0,6.8,3382.35,23000.0,0.0,2.0,15.0,4.0,450.0,No,Active,2024-01-22
ALC0505,DEAL018,INV070,EUR,59000,0,6.8,8676.47,59000.0,0.0,2.0,15.0,2.0,450.0,Yes,Active,2024-01-22
ALC0506,DEAL018,INV110,EUR,55000,0,6.8,8088.24,55000.0,0.0,2.0,15.0,4.0,450.0,No,Active,2024-01-22
ALC0507,DEAL018,INV100,EUR,21000,0,6.8,3088.24,21000.0,0.0,2.0,15.0,4.0,450.0,No,Active,2024-01-22
ALC0508,DEAL019,INV016,EUR,32000,0,1.8,17777.78,32000.0,0.0,2.0,20.0,4.0,450.0,No,Active,2024-05-15
ALC0509,DEAL019,INV011,EUR,34000,0,1.8,18888.89,34000.0,0.0,2.0,20.0,4.0,450.0,No,Active,2024-05-15
ALC0510,DEAL019,INV014,EUR,52000,0,1.8,28888.89,52000.0,0.0,1.5,15.0,4.0,450.0,Yes,Active,2024-05-15
ALC0511,DEAL019,INV053,EUR,600000,0,1.8,333333.33,600000.0,0.0,2.0,20.0,0.0,450.0,Yes,Active,2024-05-15
ALC0512,DEAL019,INV108,EUR,44000,10,1.62,27160.49,44000.0,0.0,2.0,20.0,4.0,450.0,No,Active,2024-05-15
ALC0513,DEAL019,INV106,EUR,40000,5,1.71,23391.81,40000.0,0.0,2.0,20.0,4.0,450.0,No,Active,2024-05-15
ALC0514,DEAL019,INV041,EUR,18000,0,1.8,10000.0,18000.0,0.0,2.0,20.0,4.0,0.0,Yes,Active,2024-05-15
ALC0515,DEAL019,INV058,EUR,36000,0,1.8,20000.0,36000.0,0.0,2.0,20.0,4.0,450.0,No,Active,2024-05-15
ALC0516,DEAL019,INV039,EUR,103000,0,1.8,57222.22,103000.0,0.0,2.0,20.0,4.0,450.0,No,Active,2024-05-15
ALC0517,DEAL019,INV018,EUR,60000,15,1.53,39215.69,60000.0,0.0,1.0,20.0,4.0,450.0,Yes,Active,2024-05-15
ALC0518,DEAL019,INV066,EUR,37000,0,1.8,20555.56,37000.0,0.0,2.0,20.0,3.0,450.0,Yes,Active,2024-05-15
ALC0519,DEAL019,INV040,EUR,44000,0,1.8,24444.44,44000.0,0.0,2.0,20.0,0.0,450.0,Yes,Active,2024-05-15
ALC0520,DEAL020,INV013,USD,21000,0,5.0,4200.0,21000.0,0.0,2.0,20.0,4.0,450.0,No,Active,2022-12-05
ALC0521,DEAL020,INV015,USD,13000,0,5.0,2600.0,13000.0,0.0,2.0,20.0,4.0,450.0,No,Active,2022-12-05
ALC0522,DEAL020,INV007,USD,625000,0,5.0,125000.0,625000.0,0.0,2.0,20.0,4.0,450.0,No,Active,2022-12-05
ALC0523,DEAL020,INV019,USD,49000,0,5.0,9800.0,49000.0,0.0,0.0,20.0,0.0,450.0,Yes,Active,2022-12-05
ALC0524,DEAL020,INV003,USD,650000,0,5.0,130000.0,650000.0,0.0,2.0,20.0,4.0,450.0,No,Active,2022-12-05
ALC0525,DEAL020,INV052,USD,50000,0,5.0,10000.0,50000.0,0.0,2.0,20.0,4.0,450.0,No,Active,2022-12-05
ALC0526,DEAL020,INV058,USD,44000,0,5.0,8800.0,44000.0,0.0,2.0,20.0,4.0,450.0,No,Active,2022-12-05
ALC0527,DEAL020,INV067,USD,42000,0,5.0,8400.0,42000.0,0.0,2.0,20.0,4.0,450.0,No,Active,2022-12-05
ALC0528,DEAL020,INV053,USD,29000,0,5.0,5800.0,29000.0,0.0,2.0,20.0,4.0,450.0,No,Active,2022-12-05
ALC0529,DEAL020,INV093,USD,68000,0,5.0,13600.0,68000.0,0.0,1.0,15.0,2.0,450.0,Yes,Active,2022-12-05
ALC0530,DEAL020,INV050,USD,37000,0,5.0,7400.0,37000.0,0.0,2.0,20.0,3.0,450.0,Yes,Active,2022-12-05
ALC0531,DEAL020,INV066,USD,43000,0,5.0,8600.0,43000.0,0.0,1.5,10.0,0.0,0.0,Yes,Active,2022-12-05
ALC0532,DEAL020,INV038,USD,36000,0,5.0,7200.0,36000.0,0.0,2.0,20.0,4.0,450.0,No,Active,2022-12-05
ALC0533,DEAL020,INV087,USD,133000,0,5.0,26600.0,133000.0,0.0,2.0,15.0,0.0,450.0,Yes,Active,2022-12-05
ALC0534,DEAL020,INV084,USD,34000,0,5.0,6800.0,34000.0,0.0,2.0,20.0,4.0,450.0,No,Active,2022-12-05
ALC0535,DEAL020,INV014,USD,45000,0,5.0,9000.0,45000.0,0.0,2.0,15.0,0.0,0.0,Yes,Active,2022-12-05
ALC0536,DEAL020,INV026,USD,52000,0,5.0,10400.0,52000.0,0.0,0.0,15.0,4.0,0.0,Yes,Active,2022-12-05
ALC0537,DEAL020,INV017,USD,35000,0,5.0,7000.0,35000.0,0.0,2.0,20.0,2.0,450.0,Yes,Active,2022-12-05
ALC0538,DEAL020,INV106,USD,168000,0,5.0,33600.0,168000.0,0.0,2.0,20.0,4.0,0.0,Yes,Active,2022-12-05
ALC0539,DEAL020,INV018,USD,26000,0,5.0,5200.0,26000.0,0.0,2.0,15.0,4.0,0.0,Yes,Active,2022-12-05
ALC0540,DEAL021,INV018,USD,67000,0,8.5,7882.35,67000.0,0.0,2.5,15.0,4.0,450.0,Yes,Active,2024-11-18
ALC0541,DEAL021,INV012,USD,92000,0,8.5,10823.53,92000.0,0.0,2.5,25.0,5.0,450.0,No,Active,2024-11-18
ALC0542,DEAL021,INV021,USD,75000,0,8.5,8823.53,0.0,75000.0,2.5,25.0,5.0,0.0,Yes,Pending,2024-11-18
ALC0543,DEAL021,INV003,USD,750000,0,8.5,88235.29,750000.0,0.0,2.5,25.0,5.0,450.0,No,Active,2024-11-18
ALC0544,DEAL021,INV067,USD,73000,0,8.5,8588.24,73000.0,0.0,1.5,20.0,3.0,0.0,Yes,Active,2024-11-18
ALC0545,DEAL021,INV087,USD,69000,0,8.5,8117.65,69000.0,0.0,2.5,25.0,5.0,450.0,No,Active,2024-11-18
ALC0546,DEAL021,INV093,USD,44000,0,8.5,5176.47,44000.0,0.0,2.5,20.0,5.0,0.0,Yes,Active,2024-11-18
ALC0547,DEAL021,INV106,USD,40000,0,8.5,4705.88,40000.0,0.0,2.5,25.0,5.0,0.0,Yes,Active,2024-11-18
ALC0548,DEAL021,INV029,USD,50000,0,8.5,5882.35,50000.0,0.0,2.5,25.0,5.0,450.0,No,Active,2024-11-18
ALC0549,DEAL021,INV038,USD,21000,0,8.5,2470.59,21000.0,0.0,2.5,25.0,5.0,450.0,No,Active,2024-11-18
ALC0550,DEAL021,INV073,USD,57000,0,8.5,6705.88,57000.0,0.0,0.0,25.0,5.0,450.0,Yes,Active,2024-11-18
