call_id,allocation_id,investor_id,deal_id,call_number,call_date,amount,currency,due_date,status
CALL0001,ALC0001,INV001,DEAL001,1,2022-03-15,40000.0,USD,2022-03-15,Paid
CALL0002,ALC0002,INV002,DEAL001,1,2022-03-15,103000.0,USD,2022-03-15,Paid
CALL0003,ALC0003,INV010,DEAL001,1,2022-03-15,45000.0,USD,2022-03-15,Paid
CALL0004,ALC0004,INV009,DEAL001,1,2022-03-15,22000.0,USD,2022-03-15,Paid
CALL0005,ALC0005,INV020,DEAL001,1,2022-03-15,86000.0,USD,2022-03-15,Paid
CALL0006,ALC0006,INV041,DEAL001,1,2022-03-15,55000.0,USD,2022-03-15,Paid
CALL0007,ALC0007,INV109,DEAL001,1,2022-03-15,68000.0,USD,2022-03-15,Paid
CALL0008,ALC0008,INV093,DEAL001,1,2022-03-15,122000.0,USD,2022-03-15,Paid
CALL0009,ALC0009,INV042,DEAL001,1,2022-03-15,50000.0,USD,2022-03-15,Paid
CALL0010,ALC0010,INV058,DEAL001,1,2022-03-15,61000.0,USD,2022-03-15,Paid
CALL0011,ALC0011,INV112,DEAL001,1,2022-03-15,61000.0,USD,2022-03-15,Paid
CALL0012,ALC0012,INV004,DEAL001,1,2022-03-15,48000.0,USD,2022-03-15,Paid
CALL0013,ALC0013,INV048,DEAL001,1,2022-03-15,101000.0,USD,2022-03-15,Paid
CALL0014,ALC0014,INV050,DEAL001,1,2022-03-15,13000.0,USD,2022-03-15,Paid
CALL0015,ALC0015,INV035,DEAL001,1,2022-03-15,23000.0,USD,2022-03-15,Paid
CALL0016,ALC0016,INV085,DEAL001,1,2022-03-15,26000.0,USD,2022-03-15,Paid
CALL0017,ALC0017,INV056,DEAL001,1,2022-03-15,42000.0,USD,2022-03-15,Paid
CALL0018,ALC0018,INV019,DEAL001,1,2022-03-15,59000.0,USD,2022-03-15,Paid
CALL0019,ALC0019,INV015,DEAL001,1,2022-03-15,40000.0,USD,2022-03-15,Paid
CALL0020,ALC0020,INV107,DEAL001,1,2022-03-15,71000.0,USD,2022-03-15,Paid
CALL0021,ALC0021,INV031,DEAL001,1,2022-03-15,20000.0,USD,2022-03-15,Paid
CALL0022,ALC0022,INV014,DEAL001,1,2022-03-15,14000.0,USD,2022-03-15,Paid
CALL0023,ALC0023,INV040,DEAL001,1,2022-03-15,30000.0,USD,2022-03-15,Paid
CALL0024,ALC0024,INV001,DEAL002,1,2023-11-20,35000.0,USD,2023-11-20,Paid
CALL0025,ALC0025,INV003,DEAL002,1,2023-11-20,975000.0,USD,2023-11-20,Paid
CALL0026,ALC0026,INV004,DEAL002,1,2023-11-20,750000.0,USD,2023-11-20,Paid
CALL0027,ALC0027,INV009,DEAL002,1,2023-11-20,80000.0,USD,2023-11-20,Paid
CALL0028,ALC0028,INV015,DEAL002,1,2023-11-20,30000.0,USD,2023-11-20,Paid
CALL0029,ALC0029,INV093,DEAL002,1,2023-11-20,32000.0,USD,2023-11-20,Paid
CALL0030,ALC0030,INV107,DEAL002,1,2023-11-20,124000.0,USD,2023-11-20,Paid
CALL0031,ALC0031,INV017,DEAL002,1,2023-11-20,17000.0,USD,2023-11-20,Paid
CALL0032,ALC0032,INV091,DEAL002,1,2023-11-20,51000.0,USD,2023-11-20,Paid
CALL0033,ALC0033,INV082,DEAL002,1,2023-11-20,24000.0,USD,2023-11-20,Paid
CALL0034,ALC0034,INV096,DEAL002,1,2023-11-20,53000.0,USD,2023-11-20,Paid
CALL0035,ALC0035,INV033,DEAL002,1,2023-11-20,42000.0,USD,2023-11-20,Paid
CALL0036,ALC0036,INV048,DEAL002,1,2023-11-20,48000.0,USD,2023-11-20,Paid
CALL0037,ALC0037,INV103,DEAL002,1,2023-11-20,72000.0,USD,2023-11-20,Paid
CALL0038,ALC0038,INV007,DEAL002,1,2023-11-20,41000.0,USD,2023-11-20,Paid
CALL0039,ALC0039,INV112,DEAL002,1,2023-11-20,16000.0,USD,2023-11-20,Paid
CALL0040,ALC0040,INV101,DEAL002,1,2023-11-20,104000.0,USD,2023-11-20,Paid
CALL0041,ALC0041,INV104,DEAL002,1,2023-11-20,27000.0,USD,2023-11-20,Paid
CALL0042,ALC0042,INV090,DEAL002,1,2023-11-20,29000.0,USD,2023-11-20,Paid
CALL0043,ALC0043,INV059,DEAL002,1,2023-11-20,55000.0,USD,2023-11-20,Paid
CALL0044,ALC0044,INV062,DEAL002,1,2023-11-20,13000.0,USD,2023-11-20,Paid
CALL0045,ALC0045,INV089,DEAL002,1,2023-11-20,66000.0,USD,2023-11-20,Paid
CALL0046,ALC0046,INV058,DEAL002,1,2023-11-20,30000.0,USD,2023-11-20,Paid
CALL0047,ALC0047,INV078,DEAL002,1,2023-11-20,43000.0,USD,2023-11-20,Paid
CALL0048,ALC0048,INV052,DEAL002,1,2023-11-20,205000.0,USD,2023-11-20,Paid
CALL0049,ALC0049,INV002,DEAL002,1,2023-11-20,23000.0,USD,2023-11-20,Paid
CALL0050,ALC0050,INV020,DEAL002,1,2023-11-20,15000.0,USD,2023-11-20,Paid
CALL0051,ALC0051,INV003,DEAL003,1,2025-09-25,570000.0,USD,2025-09-25,Paid
CALL0052,ALC0051,INV003,DEAL003,2,2026-08-15,380000.0,USD,2026-09-15,Upcoming
CALL0053,ALC0052,INV001,DEAL003,1,2025-09-25,15600.0,USD,2025-09-25,Paid
CALL0054,ALC0052,INV001,DEAL003,2,2026-08-15,10400.0,USD,2026-09-15,Upcoming
CALL0055,ALC0053,INV006,DEAL003,1,2025-09-25,360000.0,USD,2025-09-25,Paid
CALL0056,ALC0053,INV006,DEAL003,2,2026-08-15,240000.0,USD,2026-09-15,Upcoming
CALL0057,ALC0054,INV091,DEAL003,1,2025-09-25,19800.0,USD,2025-09-25,Paid
CALL0058,ALC0054,INV091,DEAL003,2,2026-08-15,13200.0,USD,2026-09-15,Upcoming
CALL0059,ALC0055,INV018,DEAL003,1,2025-09-25,25800.0,USD,2025-09-25,Paid
CALL0060,ALC0055,INV018,DEAL003,2,2026-08-15,17200.0,USD,2026-09-15,Upcoming
CALL0061,ALC0056,INV084,DEAL003,1,2025-09-25,51600.0,USD,2025-09-25,Paid
CALL0062,ALC0056,INV084,DEAL003,2,2026-08-15,34400.0,USD,2026-09-15,Upcoming
CALL0063,ALC0057,INV052,DEAL003,1,2025-09-25,19800.0,USD,2025-09-25,Paid
CALL0064,ALC0057,INV052,DEAL003,2,2026-08-15,13200.0,USD,2026-09-15,Upcoming
CALL0065,ALC0058,INV069,DEAL003,1,2025-09-25,26400.0,USD,2025-09-25,Paid
CALL0066,ALC0058,INV069,DEAL003,2,2026-08-15,17600.0,USD,2026-09-15,Upcoming
CALL0067,ALC0059,INV112,DEAL003,1,2025-09-25,25200.0,USD,2025-09-25,Paid
CALL0068,ALC0059,INV112,DEAL003,2,2026-08-15,16800.0,USD,2026-09-15,Upcoming
CALL0069,ALC0060,INV097,DEAL003,1,2025-09-25,29400.0,USD,2025-09-25,Paid
CALL0070,ALC0060,INV097,DEAL003,2,2026-08-15,19600.0,USD,2026-09-15,Upcoming
CALL0071,ALC0061,INV004,DEAL003,1,2025-09-25,13200.0,USD,2025-09-25,Paid
CALL0072,ALC0061,INV004,DEAL003,2,2026-08-15,8800.0,USD,2026-09-15,Upcoming
CALL0073,ALC0062,INV093,DEAL003,1,2025-09-25,19200.0,USD,2025-09-25,Paid
CALL0074,ALC0062,INV093,DEAL003,2,2026-08-15,12800.0,USD,2026-09-15,Upcoming
CALL0075,ALC0063,INV066,DEAL003,1,2025-09-25,22800.0,USD,2025-09-25,Paid
CALL0076,ALC0063,INV066,DEAL003,2,2026-08-15,15200.0,USD,2026-09-15,Upcoming
CALL0077,ALC0064,INV089,DEAL003,1,2025-09-25,14400.0,USD,2025-09-25,Paid
CALL0078,ALC0064,INV089,DEAL003,2,2026-08-15,9600.0,USD,2026-09-15,Upcoming
CALL0079,ALC0065,INV002,DEAL003,1,2025-09-25,24000.0,USD,2025-09-25,Paid
CALL0080,ALC0065,INV002,DEAL003,2,2026-08-15,16000.0,USD,2026-09-15,Upcoming
CALL0081,ALC0066,INV036,DEAL003,1,2025-09-25,15600.0,USD,2025-09-25,Paid
CALL0082,ALC0066,INV036,DEAL003,2,2026-08-15,10400.0,USD,2026-09-15,Upcoming
CALL0083,ALC0067,INV063,DEAL003,1,2025-09-25,42000.0,USD,2025-09-25,Paid
CALL0084,ALC0067,INV063,DEAL003,2,2026-08-15,28000.0,USD,2026-09-15,Upcoming
CALL0085,ALC0068,INV104,DEAL003,1,2025-09-25,34800.0,USD,2025-09-25,Paid
CALL0086,ALC0068,INV104,DEAL003,2,2026-08-15,23200.0,USD,2026-09-15,Upcoming
CALL0087,ALC0069,INV065,DEAL003,1,2025-09-25,53400.0,USD,2025-09-25,Paid
CALL0088,ALC0069,INV065,DEAL003,2,2026-08-15,35600.0,USD,2026-09-15,Upcoming
CALL0089,ALC0070,INV101,DEAL003,1,2025-09-25,24000.0,USD,2025-09-25,Paid
CALL0090,ALC0070,INV101,DEAL003,2,2026-08-15,16000.0,USD,2026-09-15,Upcoming
CALL0091,ALC0071,INV077,DEAL003,1,2025-09-25,68400.0,USD,2025-09-25,Paid
CALL0092,ALC0071,INV077,DEAL003,2,2026-08-15,45600.0,USD,2026-09-15,Upcoming
CALL0093,ALC0072,INV031,DEAL003,1,2025-09-25,42000.0,USD,2025-09-25,Paid
CALL0094,ALC0072,INV031,DEAL003,2,2026-08-15,28000.0,USD,2026-09-15,Upcoming
CALL0095,ALC0073,INV096,DEAL003,1,2025-09-25,22200.0,USD,2025-09-25,Paid
CALL0096,ALC0073,INV096,DEAL003,2,2026-08-15,14800.0,USD,2026-09-15,Upcoming
CALL0097,ALC0074,INV056,DEAL003,1,2025-09-25,46200.0,USD,2025-09-25,Paid
CALL0098,ALC0074,INV056,DEAL003,2,2026-08-15,30800.0,USD,2026-09-15,Upcoming
CALL0099,ALC0075,INV087,DEAL003,1,2025-09-25,15600.0,USD,2025-09-25,Paid
CALL0100,ALC0075,INV087,DEAL003,2,2026-08-15,10400.0,USD,2026-09-15,Upcoming
CALL0101,ALC0076,INV017,DEAL003,1,2025-09-25,12000.0,USD,2025-09-25,Paid
CALL0102,ALC0076,INV017,DEAL003,2,2026-08-15,8000.0,USD,2026-09-15,Upcoming
CALL0103,ALC0077,INV090,DEAL003,1,2025-09-25,22800.0,USD,2025-09-25,Paid
CALL0104,ALC0077,INV090,DEAL003,2,2026-08-15,15200.0,USD,2026-09-15,Upcoming
CALL0105,ALC0078,INV033,DEAL003,1,2025-09-25,27600.0,USD,2025-09-25,Paid
CALL0106,ALC0078,INV033,DEAL003,2,2026-08-15,18400.0,USD,2026-09-15,Upcoming
CALL0107,ALC0079,INV062,DEAL003,1,2025-09-25,31200.0,USD,2025-09-25,Paid
CALL0108,ALC0079,INV062,DEAL003,2,2026-08-15,20800.0,USD,2026-09-15,Upcoming
CALL0109,ALC0080,INV040,DEAL003,1,2025-09-25,12000.0,USD,2025-09-25,Paid
CALL0110,ALC0080,INV040,DEAL003,2,2026-08-15,8000.0,USD,2026-09-15,Upcoming
CALL0111,ALC0081,INV026,DEAL003,1,2025-09-25,28200.0,USD,2025-09-25,Paid
CALL0112,ALC0081,INV026,DEAL003,2,2026-08-15,18800.0,USD,2026-09-15,Upcoming
CALL0113,ALC0082,INV053,DEAL003,1,2025-09-25,27000.0,USD,2025-09-25,Paid
CALL0114,ALC0082,INV053,DEAL003,2,2026-08-15,18000.0,USD,2026-09-15,Upcoming
CALL0115,ALC0083,INV109,DEAL003,1,2025-09-25,27600.0,USD,2025-09-25,Paid
CALL0116,ALC0083,INV109,DEAL003,2,2026-08-15,18400.0,USD,2026-09-15,Upcoming
CALL0117,ALC0084,INV058,DEAL003,1,2025-09-25,25800.0,USD,2025-09-25,Paid
CALL0118,ALC0084,INV058,DEAL003,2,2026-08-15,17200.0,USD,2026-09-15,Upcoming
CALL0119,ALC0085,INV050,DEAL003,1,2025-09-25,6000.0,USD,2025-09-25,Paid
CALL0120,ALC0085,INV050,DEAL003,2,2026-08-15,4000.0,USD,2026-09-15,Upcoming
CALL0121,ALC0086,INV034,DEAL003,1,2025-09-25,25800.0,USD,2025-09-25,Paid
CALL0122,ALC0086,INV034,DEAL003,2,2026-08-15,17200.0,USD,2026-09-15,Upcoming
CALL0123,ALC0087,INV085,DEAL003,1,2025-09-25,60000.0,USD,2025-09-25,Paid
CALL0124,ALC0087,INV085,DEAL003,2,2026-08-15,40000.0,USD,2026-09-15,Upcoming
CALL0125,ALC0088,INV019,DEAL003,1,2025-09-25,142800.0,USD,2025-09-25,Paid
CALL0126,ALC0088,INV019,DEAL003,2,2026-08-15,95200.0,USD,2026-09-15,Upcoming
CALL0127,ALC0089,INV081,DEAL003,1,2025-09-25,10800.0,USD,2025-09-25,Paid
CALL0128,ALC0089,INV081,DEAL003,2,2026-08-15,7200.0,USD,2026-09-15,Upcoming
CALL0129,ALC0090,INV041,DEAL003,1,2025-09-25,30600.0,USD,2025-09-25,Paid
CALL0130,ALC0090,INV041,DEAL003,2,2026-08-15,20400.0,USD,2026-09-15,Upcoming
CALL0131,ALC0091,INV012,DEAL003,1,2025-09-25,27000.0,USD,2025-09-25,Paid
CALL0132,ALC0091,INV012,DEAL003,2,2026-08-15,18000.0,USD,2026-09-15,Upcoming
CALL0133,ALC0092,INV055,DEAL003,1,2025-09-25,24000.0,USD,2025-09-25,Paid
CALL0134,ALC0092,INV055,DEAL003,2,2026-08-15,16000.0,USD,2026-09-15,Upcoming
CALL0135,ALC0093,INV054,DEAL003,1,2025-09-25,16800.0,USD,2025-09-25,Paid
CALL0136,ALC0093,INV054,DEAL003,2,2026-08-15,11200.0,USD,2026-09-15,Upcoming
CALL0137,ALC0094,INV068,DEAL003,1,2025-09-25,33000.0,USD,2025-09-25,Paid
CALL0138,ALC0094,INV068,DEAL003,2,2026-08-15,22000.0,USD,2026-09-15,Upcoming
CALL0139,ALC0095,INV103,DEAL003,1,2025-09-25,9000.0,USD,2025-09-25,Paid
CALL0140,ALC0095,INV103,DEAL003,2,2026-08-15,6000.0,USD,2026-09-15,Upcoming
CALL0141,ALC0096,INV106,DEAL003,1,2025-09-25,19800.0,USD,2025-09-25,Paid
CALL0142,ALC0096,INV106,DEAL003,2,2026-08-15,13200.0,USD,2026-09-15,Upcoming
CALL0143,ALC0097,INV020,DEAL003,1,2025-09-25,16200.0,USD,2025-09-25,Paid
CALL0144,ALC0097,INV020,DEAL003,2,2026-08-15,10800.0,USD,2026-09-15,Upcoming
CALL0145,ALC0098,INV032,DEAL003,1,2025-09-25,18000.0,USD,2025-09-25,Paid
CALL0146,ALC0098,INV032,DEAL003,2,2026-08-15,12000.0,USD,2026-09-15,Upcoming
CALL0147,ALC0099,INV042,DEAL003,1,2025-09-25,9600.0,USD,2025-09-25,Paid
CALL0148,ALC0099,INV042,DEAL003,2,2026-08-15,6400.0,USD,2026-09-15,Upcoming
CALL0149,ALC0100,INV108,DEAL003,1,2025-09-25,11400.0,USD,2025-09-25,Paid
CALL0150,ALC0100,INV108,DEAL003,2,2026-08-15,7600.0,USD,2026-09-15,Upcoming
CALL0151,ALC0101,INV048,DEAL003,1,2025-09-25,34200.0,USD,2025-09-25,Paid
CALL0152,ALC0101,INV048,DEAL003,2,2026-08-15,22800.0,USD,2026-09-15,Upcoming
CALL0153,ALC0102,INV010,DEAL003,1,2025-09-25,9000.0,USD,2025-09-25,Paid
CALL0154,ALC0102,INV010,DEAL003,2,2026-08-15,6000.0,USD,2026-09-15,Upcoming
CALL0155,ALC0103,INV061,DEAL003,1,2025-09-25,16800.0,USD,2025-09-25,Paid
CALL0156,ALC0103,INV061,DEAL003,2,2026-08-15,11200.0,USD,2026-09-15,Upcoming
CALL0157,ALC0104,INV083,DEAL003,1,2025-09-25,64800.0,USD,2025-09-25,Paid
CALL0158,ALC0104,INV083,DEAL003,2,2026-08-15,43200.0,USD,2026-09-15,Upcoming
CALL0159,ALC0105,INV037,DEAL003,1,2025-09-25,24600.0,USD,2025-09-25,Paid
CALL0160,ALC0105,INV037,DEAL003,2,2026-08-15,16400.0,USD,2026-09-15,Upcoming
CALL0161,ALC0106,INV067,DEAL003,1,2025-09-25,41400.0,USD,2025-09-25,Paid
CALL0162,ALC0106,INV067,DEAL003,2,2026-08-15,27600.0,USD,2026-09-15,Upcoming
CALL0163,ALC0107,INV075,DEAL003,1,2025-09-25,23400.0,USD,2025-09-25,Paid
CALL0164,ALC0107,INV075,DEAL003,2,2026-08-15,15600.0,USD,2026-09-15,Upcoming
CALL0165,ALC0108,INV049,DEAL003,1,2025-09-25,78600.0,USD,2025-09-25,Paid
CALL0166,ALC0108,INV049,DEAL003,2,2026-08-15,52400.0,USD,2026-09-15,Upcoming
CALL0167,ALC0109,INV072,DEAL003,1,2025-09-25,20400.0,USD,2025-09-25,Paid
CALL0168,ALC0109,INV072,DEAL003,2,2026-08-15,13600.0,USD,2026-09-15,Upcoming
CALL0169,ALC0110,INV110,DEAL003,1,2025-09-25,41400.0,USD,2025-09-25,Paid
CALL0170,ALC0110,INV110,DEAL003,2,2026-08-15,27600.0,USD,2026-09-15,Upcoming
CALL0171,ALC0111,INV079,DEAL003,1,2025-09-25,131400.0,USD,2025-09-25,Paid
CALL0172,ALC0111,INV079,DEAL003,2,2026-08-15,87600.0,USD,2026-09-15,Upcoming
CALL0173,ALC0112,INV099,DEAL003,1,2025-09-25,100200.0,USD,2025-09-25,Paid
CALL0174,ALC0112,INV099,DEAL003,2,2026-08-15,66800.0,USD,2026-09-15,Upcoming
CALL0175,ALC0113,INV074,DEAL003,1,2025-09-25,18600.0,USD,2025-09-25,Paid
CALL0176,ALC0113,INV074,DEAL003,2,2026-08-15,12400.0,USD,2026-09-15,Upcoming
CALL0177,ALC0114,INV025,DEAL003,1,2025-09-25,25800.0,USD,2025-09-25,Paid
CALL0178,ALC0114,INV025,DEAL003,2,2026-08-15,17200.0,USD,2026-09-15,Upcoming
CALL0179,ALC0115,INV051,DEAL003,1,2025-09-25,31800.0,USD,2025-09-25,Paid
CALL0180,ALC0115,INV051,DEAL003,2,2026-08-15,21200.0,USD,2026-09-15,Upcoming
CALL0181,ALC0116,INV057,DEAL003,1,2025-09-25,16200.0,USD,2025-09-25,Paid
CALL0182,ALC0116,INV057,DEAL003,2,2026-08-15,10800.0,USD,2026-09-15,Upcoming
CALL0183,ALC0117,INV043,DEAL003,1,2025-09-25,44400.0,USD,2025-09-25,Paid
CALL0184,ALC0117,INV043,DEAL003,2,2026-08-15,29600.0,USD,2026-09-15,Upcoming
CALL0185,ALC0118,INV002,DEAL004,1,2023-02-10,71000.0,GBP,2023-02-10,Paid
CALL0186,ALC0119,INV017,DEAL004,1,2023-02-10,29000.0,GBP,2023-02-10,Paid
CALL0187,ALC0120,INV004,DEAL004,1,2023-02-10,525000.0,GBP,2023-02-10,Paid
CALL0188,ALC0121,INV011,DEAL004,1,2023-02-10,26000.0,GBP,2023-02-10,Paid
CALL0189,ALC0122,INV035,DEAL004,1,2023-02-10,116000.0,GBP,2023-02-10,Paid
CALL0190,ALC0123,INV109,DEAL004,1,2023-02-10,96000.0,GBP,2023-02-10,Paid
CALL0191,ALC0124,INV066,DEAL004,1,2023-02-10,43000.0,GBP,2023-02-10,Paid
CALL0192,ALC0125,INV067,DEAL004,1,2023-02-10,37000.0,GBP,2023-02-10,Paid
CALL0193,ALC0126,INV042,DEAL004,1,2023-02-10,23000.0,GBP,2023-02-10,Paid
CALL0194,ALC0127,INV037,DEAL004,1,2023-02-10,62000.0,GBP,2023-02-10,Paid
CALL0195,ALC0128,INV033,DEAL004,1,2023-02-10,69000.0,GBP,2023-02-10,Paid
CALL0196,ALC0129,INV087,DEAL004,1,2023-02-10,94000.0,GBP,2023-02-10,Paid
CALL0197,ALC0130,INV111,DEAL004,1,2023-02-10,25000.0,GBP,2023-02-10,Paid
CALL0198,ALC0131,INV084,DEAL004,1,2023-02-10,10000.0,GBP,2023-02-10,Paid
CALL0199,ALC0132,INV062,DEAL004,1,2023-02-10,15000.0,GBP,2023-02-10,Paid
CALL0200,ALC0133,INV019,DEAL004,1,2023-02-10,16000.0,GBP,2023-02-10,Paid
CALL0201,ALC0134,INV052,DEAL004,1,2023-02-10,62000.0,GBP,2023-02-10,Paid
CALL0202,ALC0135,INV063,DEAL004,1,2023-02-10,30000.0,GBP,2023-02-10,Paid
CALL0203,ALC0136,INV112,DEAL004,1,2023-02-10,32000.0,GBP,2023-02-10,Paid
CALL0204,ALC0137,INV090,DEAL004,1,2023-02-10,55000.0,GBP,2023-02-10,Paid
CALL0205,ALC0138,INV076,DEAL004,1,2023-02-10,53000.0,GBP,2023-02-10,Paid
CALL0206,ALC0139,INV085,DEAL004,1,2023-02-10,29000.0,GBP,2023-02-10,Paid
CALL0207,ALC0140,INV103,DEAL004,1,2023-02-10,23000.0,GBP,2023-02-10,Paid
CALL0208,ALC0141,INV060,DEAL004,1,2023-02-10,18000.0,GBP,2023-02-10,Paid
CALL0209,ALC0142,INV008,DEAL004,1,2023-02-10,67000.0,GBP,2023-02-10,Paid
CALL0210,ALC0143,INV041,DEAL004,1,2023-02-10,43000.0,GBP,2023-02-10,Paid
CALL0211,ALC0144,INV081,DEAL004,1,2023-02-10,78000.0,GBP,2023-02-10,Paid
CALL0212,ALC0145,INV048,DEAL004,1,2023-02-10,11000.0,GBP,2023-02-10,Paid
CALL0213,ALC0146,INV072,DEAL004,1,2023-02-10,42000.0,GBP,2023-02-10,Paid
CALL0214,ALC0147,INV020,DEAL005,1,2021-09-01,39000.0,USD,2021-09-01,Paid
CALL0215,ALC0148,INV005,DEAL005,1,2021-09-01,51000.0,USD,2021-09-01,Paid
CALL0216,ALC0149,INV010,DEAL005,1,2021-09-01,59000.0,USD,2021-09-01,Paid
CALL0217,ALC0150,INV089,DEAL005,1,2021-09-01,25000.0,USD,2021-09-01,Paid
CALL0218,ALC0151,INV014,DEAL005,1,2021-09-01,21000.0,USD,2021-09-01,Paid
CALL0219,ALC0152,INV040,DEAL005,1,2021-09-01,25000.0,USD,2021-09-01,Paid
CALL0220,ALC0153,INV048,DEAL005,1,2021-09-01,110000.0,USD,2021-09-01,Paid
CALL0221,ALC0154,INV106,DEAL005,1,2021-09-01,32000.0,USD,2021-09-01,Paid
CALL0222,ALC0155,INV033,DEAL005,1,2021-09-01,45000.0,USD,2021-09-01,Paid
CALL0223,ALC0156,INV003,DEAL005,1,2021-09-01,70000.0,USD,2021-09-01,Paid
CALL0224,ALC0157,INV085,DEAL005,1,2021-09-01,35000.0,USD,2021-09-01,Paid
CALL0225,ALC0158,INV028,DEAL005,1,2021-09-01,46000.0,USD,2021-09-01,Paid
CALL0226,ALC0159,INV109,DEAL005,1,2021-09-01,101000.0,USD,2021-09-01,Paid
CALL0227,ALC0160,INV088,DEAL005,1,2021-09-01,13000.0,USD,2021-09-01,Paid
CALL0228,ALC0161,INV037,DEAL005,1,2021-09-01,12000.0,USD,2021-09-01,Paid
CALL0229,ALC0162,INV087,DEAL005,1,2021-09-01,37000.0,USD,2021-09-01,Paid
CALL0230,ALC0163,INV074,DEAL005,1,2021-09-01,44000.0,USD,2021-09-01,Paid
CALL0231,ALC0164,INV079,DEAL005,1,2021-09-01,35000.0,USD,2021-09-01,Paid
CALL0232,ALC0165,INV003,DEAL006,1,2024-06-12,825000.0,USD,2024-06-12,Paid
CALL0233,ALC0166,INV006,DEAL006,1,2024-06-12,925000.0,USD,2024-06-12,Paid
CALL0234,ALC0167,INV012,DEAL006,1,2024-06-12,61000.0,USD,2024-06-12,Paid
CALL0235,ALC0168,INV001,DEAL006,1,2024-06-12,137000.0,USD,2024-06-12,Paid
CALL0236,ALC0169,INV050,DEAL006,1,2024-06-12,102000.0,USD,2024-06-12,Paid
CALL0237,ALC0170,INV032,DEAL006,1,2024-06-12,40000.0,USD,2024-06-12,Paid
CALL0238,ALC0171,INV010,DEAL006,1,2024-06-12,35000.0,USD,2024-06-12,Paid
CALL0239,ALC0172,INV090,DEAL006,1,2024-06-12,40000.0,USD,2024-06-12,Paid
CALL0240,ALC0173,INV009,DEAL006,1,2024-06-12,27000.0,USD,2024-06-12,Paid
CALL0241,ALC0174,INV036,DEAL006,1,2024-06-12,78000.0,USD,2024-06-12,Paid
CALL0242,ALC0175,INV031,DEAL006,1,2024-06-12,33000.0,USD,2024-06-12,Paid
CALL0243,ALC0176,INV042,DEAL006,1,2024-06-12,59000.0,USD,2024-06-12,Paid
CALL0244,ALC0177,INV040,DEAL006,1,2024-06-12,31000.0,USD,2024-06-12,Paid
CALL0245,ALC0178,INV059,DEAL006,1,2024-06-12,34000.0,USD,2024-06-12,Paid
CALL0246,ALC0179,INV041,DEAL006,1,2024-06-12,42000.0,USD,2024-06-12,Paid
CALL0247,ALC0180,INV085,DEAL006,1,2024-06-12,51000.0,USD,2024-06-12,Paid
CALL0248,ALC0181,INV048,DEAL006,1,2024-06-12,47000.0,USD,2024-06-12,Paid
CALL0249,ALC0182,INV037,DEAL006,1,2024-06-12,46000.0,USD,2024-06-12,Paid
CALL0250,ALC0183,INV002,DEAL006,1,2024-06-12,19000.0,USD,2024-06-12,Paid
CALL0251,ALC0184,INV062,DEAL006,1,2024-06-12,21000.0,USD,2024-06-12,Paid
CALL0252,ALC0185,INV103,DEAL006,1,2024-06-12,16000.0,USD,2024-06-12,Paid
CALL0253,ALC0186,INV107,DEAL006,1,2024-06-12,22000.0,USD,2024-06-12,Paid
CALL0254,ALC0187,INV019,DEAL006,1,2024-06-12,74000.0,USD,2024-06-12,Paid
CALL0255,ALC0188,INV015,DEAL006,1,2024-06-12,30000.0,USD,2024-06-12,Paid
CALL0256,ALC0189,INV053,DEAL006,1,2024-06-12,55000.0,USD,2024-06-12,Paid
CALL0257,ALC0190,INV065,DEAL006,1,2024-06-12,28000.0,USD,2024-06-12,Paid
CALL0258,ALC0191,INV074,DEAL006,1,2024-06-12,42000.0,USD,2024-06-12,Paid
CALL0259,ALC0192,INV096,DEAL006,1,2024-06-12,20000.0,USD,2024-06-12,Paid
CALL0260,ALC0193,INV056,DEAL006,1,2024-06-12,47000.0,USD,2024-06-12,Paid
CALL0261,ALC0194,INV057,DEAL006,1,2024-06-12,56000.0,USD,2024-06-12,Paid
CALL0262,ALC0195,INV088,DEAL006,1,2024-06-12,56000.0,USD,2024-06-12,Paid
CALL0263,ALC0196,INV101,DEAL006,1,2024-06-12,58000.0,USD,2024-06-12,Paid
CALL0264,ALC0197,INV098,DEAL006,1,2024-06-12,49000.0,USD,2024-06-12,Paid
CALL0265,ALC0198,INV020,DEAL006,1,2024-06-12,23000.0,USD,2024-06-12,Paid
CALL0266,ALC0199,INV108,DEAL006,1,2024-06-12,38000.0,USD,2024-06-12,Paid
CALL0267,ALC0200,INV091,DEAL006,1,2024-06-12,77000.0,USD,2024-06-12,Paid
CALL0268,ALC0201,INV058,DEAL006,1,2024-06-12,19000.0,USD,2024-06-12,Paid
CALL0269,ALC0202,INV112,DEAL006,1,2024-06-12,110000.0,USD,2024-06-12,Paid
CALL0270,ALC0203,INV007,DEAL006,1,2024-06-12,34000.0,USD,2024-06-12,Paid
CALL0271,ALC0204,INV017,DEAL006,1,2024-06-12,34000.0,USD,2024-06-12,Paid
CALL0272,ALC0205,INV093,DEAL006,1,2024-06-12,51000.0,USD,2024-06-12,Paid
CALL0273,ALC0206,INV106,DEAL006,1,2024-06-12,48000.0,USD,2024-06-12,Paid
CALL0274,ALC0207,INV018,DEAL006,1,2024-06-12,47000.0,USD,2024-06-12,Paid
CALL0275,ALC0208,INV034,DEAL006,1,2024-06-12,31000.0,USD,2024-06-12,Paid
CALL0276,ALC0209,INV072,DEAL006,1,2024-06-12,61000.0,USD,2024-06-12,Paid
CALL0277,ALC0210,INV051,DEAL006,1,2024-06-12,42000.0,USD,2024-06-12,Paid
CALL0278,ALC0211,INV028,DEAL006,1,2024-06-12,114000.0,USD,2024-06-12,Paid
CALL0279,ALC0212,INV067,DEAL006,1,2024-06-12,50000.0,USD,2024-06-12,Paid
CALL0280,ALC0213,INV043,DEAL006,1,2024-06-12,77000.0,USD,2024-06-12,Paid
CALL0281,ALC0214,INV087,DEAL006,1,2024-06-12,21000.0,USD,2024-06-12,Paid
CALL0282,ALC0215,INV008,DEAL006,1,2024-06-12,24000.0,USD,2024-06-12,Paid
CALL0283,ALC0216,INV052,DEAL006,1,2024-06-12,73000.0,USD,2024-06-12,Paid
CALL0284,ALC0217,INV033,DEAL006,1,2024-06-12,43000.0,USD,2024-06-12,Paid
CALL0285,ALC0218,INV077,DEAL006,1,2024-06-12,22000.0,USD,2024-06-12,Paid
CALL0286,ALC0219,INV076,DEAL006,1,2024-06-12,27000.0,USD,2024-06-12,Paid
CALL0287,ALC0220,INV083,DEAL006,1,2024-06-12,54000.0,USD,2024-06-12,Paid
CALL0288,ALC0221,INV079,DEAL006,1,2024-06-12,102000.0,USD,2024-06-12,Paid
CALL0289,ALC0222,INV066,DEAL006,1,2024-06-12,72000.0,USD,2024-06-12,Paid
CALL0290,ALC0223,INV011,DEAL007,1,2021-11-05,93000.0,EUR,2021-11-05,Paid
CALL0291,ALC0224,INV016,DEAL007,1,2021-11-05,47000.0,EUR,2021-11-05,Paid
CALL0292,ALC0225,INV005,DEAL007,1,2021-11-05,650000.0,EUR,2021-11-05,Paid
CALL0293,ALC0226,INV002,DEAL007,1,2021-11-05,84000.0,EUR,2021-11-05,Paid
CALL0294,ALC0227,INV084,DEAL007,1,2021-11-05,67000.0,EUR,2021-11-05,Paid
CALL0295,ALC0228,INV065,DEAL007,1,2021-11-05,40000.0,EUR,2021-11-05,Paid
CALL0296,ALC0229,INV009,DEAL007,1,2021-11-05,69000.0,EUR,2021-11-05,Paid
CALL0297,ALC0230,INV040,DEAL007,1,2021-11-05,38000.0,EUR,2021-11-05,Paid
CALL0298,ALC0231,INV106,DEAL007,1,2021-11-05,87000.0,EUR,2021-11-05,Paid
CALL0299,ALC0232,INV032,DEAL007,1,2021-11-05,81000.0,EUR,2021-11-05,Paid
CALL0300,ALC0233,INV015,DEAL007,1,2021-11-05,63000.0,EUR,2021-11-05,Paid
CALL0301,ALC0234,INV109,DEAL007,1,2021-11-05,32000.0,EUR,2021-11-05,Paid
CALL0302,ALC0235,INV097,DEAL007,1,2021-11-05,77000.0,EUR,2021-11-05,Paid
CALL0303,ALC0236,INV062,DEAL007,1,2021-11-05,72000.0,EUR,2021-11-05,Paid
CALL0304,ALC0237,INV010,DEAL008,1,2022-01-18,43000.0,USD,2022-01-18,Paid
CALL0305,ALC0238,INV012,DEAL008,1,2022-01-18,75000.0,USD,2022-01-18,Paid
CALL0306,ALC0239,INV094,DEAL008,1,2022-01-18,33000.0,USD,2022-01-18,Paid
CALL0307,ALC0240,INV112,DEAL008,1,2022-01-18,19000.0,USD,2022-01-18,Paid
CALL0308,ALC0241,INV072,DEAL008,1,2022-01-18,14000.0,USD,2022-01-18,Paid
CALL0309,ALC0242,INV037,DEAL008,1,2022-01-18,22000.0,USD,2022-01-18,Paid
CALL0310,ALC0243,INV107,DEAL008,1,2022-01-18,74000.0,USD,2022-01-18,Paid
CALL0311,ALC0244,INV017,DEAL008,1,2022-01-18,59000.0,USD,2022-01-18,Paid
CALL0312,ALC0245,INV056,DEAL008,1,2022-01-18,33000.0,USD,2022-01-18,Paid
CALL0313,ALC0246,INV058,DEAL008,1,2022-01-18,19000.0,USD,2022-01-18,Paid
CALL0314,ALC0247,INV101,DEAL008,1,2022-01-18,29000.0,USD,2022-01-18,Paid
CALL0315,ALC0248,INV014,DEAL008,1,2022-01-18,111000.0,USD,2022-01-18,Paid
CALL0316,ALC0249,INV061,DEAL008,1,2022-01-18,33000.0,USD,2022-01-18,Paid
CALL0317,ALC0250,INV015,DEAL008,1,2022-01-18,17000.0,USD,2022-01-18,Paid
CALL0318,ALC0251,INV085,DEAL008,1,2022-01-18,19000.0,USD,2022-01-18,Paid
CALL0319,ALC0252,INV004,DEAL009,1,2021-10-30,500000.0,GBP,2021-10-30,Paid
CALL0320,ALC0253,INV008,DEAL009,1,2021-10-30,84000.0,GBP,2021-10-30,Paid
CALL0321,ALC0254,INV017,DEAL009,1,2021-10-30,44000.0,GBP,2021-10-30,Paid
CALL0322,ALC0255,INV093,DEAL009,1,2021-10-30,77000.0,GBP,2021-10-30,Paid
CALL0323,ALC0256,INV086,DEAL009,1,2021-10-30,21000.0,GBP,2021-10-30,Paid
CALL0324,ALC0257,INV058,DEAL009,1,2021-10-30,18000.0,GBP,2021-10-30,Paid
CALL0325,ALC0258,INV036,DEAL009,1,2021-10-30,61000.0,GBP,2021-10-30,Paid
CALL0326,ALC0259,INV037,DEAL009,1,2021-10-30,19000.0,GBP,2021-10-30,Paid
CALL0327,ALC0260,INV041,DEAL009,1,2021-10-30,60000.0,GBP,2021-10-30,Paid
CALL0328,ALC0261,INV056,DEAL009,1,2021-10-30,232000.0,GBP,2021-10-30,Paid
CALL0329,ALC0262,INV015,DEAL009,1,2021-10-30,17000.0,GBP,2021-10-30,Paid
CALL0330,ALC0263,INV084,DEAL009,1,2021-10-30,51000.0,GBP,2021-10-30,Paid
CALL0331,ALC0264,INV079,DEAL009,1,2021-10-30,163000.0,GBP,2021-10-30,Paid
CALL0332,ALC0265,INV090,DEAL009,1,2021-10-30,44000.0,GBP,2021-10-30,Paid
CALL0333,ALC0266,INV044,DEAL009,1,2021-10-30,26000.0,GBP,2021-10-30,Paid
CALL0334,ALC0267,INV066,DEAL009,1,2021-10-30,41000.0,GBP,2021-10-30,Paid
CALL0335,ALC0268,INV077,DEAL009,1,2021-10-30,50000.0,GBP,2021-10-30,Paid
CALL0336,ALC0269,INV053,DEAL009,1,2021-10-30,36000.0,GBP,2021-10-30,Paid
CALL0337,ALC0270,INV061,DEAL009,1,2021-10-30,28000.0,GBP,2021-10-30,Paid
CALL0338,ALC0271,INV075,DEAL009,1,2021-10-30,28000.0,GBP,2021-10-30,Paid
CALL0339,ALC0272,INV004,DEAL010,1,2023-07-22,85000.0,GBP,2023-07-22,Paid
CALL0340,ALC0273,INV013,DEAL010,1,2023-07-22,25000.0,GBP,2023-07-22,Paid
CALL0341,ALC0274,INV018,DEAL010,1,2023-07-22,79000.0,GBP,2023-07-22,Paid
CALL0342,ALC0275,INV012,DEAL010,1,2023-07-22,19000.0,GBP,2023-07-22,Paid
CALL0343,ALC0276,INV056,DEAL010,1,2023-07-22,875000.0,GBP,2023-07-22,Paid
CALL0344,ALC0277,INV105,DEAL010,1,2023-07-22,950000.0,GBP,2023-07-22,Paid
CALL0345,ALC0278,INV096,DEAL010,1,2023-07-22,80000.0,GBP,2023-07-22,Paid
CALL0346,ALC0279,INV008,DEAL010,1,2023-07-22,40000.0,GBP,2023-07-22,Paid
CALL0347,ALC0280,INV090,DEAL010,1,2023-07-22,43000.0,GBP,2023-07-22,Paid
CALL0348,ALC0281,INV085,DEAL010,1,2023-07-22,42000.0,GBP,2023-07-22,Paid
CALL0349,ALC0282,INV024,DEAL010,1,2023-07-22,43000.0,GBP,2023-07-22,Paid
CALL0350,ALC0283,INV006,DEAL010,1,2023-07-22,58000.0,GBP,2023-07-22,Paid
CALL0351,ALC0284,INV057,DEAL010,1,2023-07-22,54000.0,GBP,2023-07-22,Paid
CALL0352,ALC0285,INV015,DEAL010,1,2023-07-22,62000.0,GBP,2023-07-22,Paid
CALL0353,ALC0286,INV093,DEAL010,1,2023-07-22,85000.0,GBP,2023-07-22,Paid
CALL0354,ALC0287,INV043,DEAL010,1,2023-07-22,57000.0,GBP,2023-07-22,Paid
CALL0355,ALC0288,INV053,DEAL010,1,2023-07-22,22000.0,GBP,2023-07-22,Paid
CALL0356,ALC0289,INV032,DEAL010,1,2023-07-22,37000.0,GBP,2023-07-22,Paid
CALL0357,ALC0290,INV058,DEAL010,1,2023-07-22,48000.0,GBP,2023-07-22,Paid
CALL0358,ALC0291,INV042,DEAL010,1,2023-07-22,47000.0,GBP,2023-07-22,Paid
CALL0359,ALC0292,INV061,DEAL010,1,2023-07-22,37000.0,GBP,2023-07-22,Paid
CALL0360,ALC0293,INV071,DEAL010,1,2023-07-22,74000.0,GBP,2023-07-22,Paid
CALL0361,ALC0294,INV086,DEAL010,1,2023-07-22,95000.0,GBP,2023-07-22,Paid
CALL0362,ALC0295,INV101,DEAL010,1,2023-07-22,49000.0,GBP,2023-07-22,Paid
CALL0363,ALC0296,INV084,DEAL010,1,2023-07-22,24000.0,GBP,2023-07-22,Paid
CALL0364,ALC0297,INV091,DEAL010,1,2023-07-22,20000.0,GBP,2023-07-22,Paid
CALL0365,ALC0298,INV109,DEAL010,1,2023-07-22,20000.0,GBP,2023-07-22,Paid
CALL0366,ALC0299,INV106,DEAL010,1,2023-07-22,11000.0,GBP,2023-07-22,Paid
CALL0367,ALC0300,INV072,DEAL010,1,2023-07-22,48000.0,GBP,2023-07-22,Paid
CALL0368,ALC0301,INV079,DEAL010,1,2023-07-22,43000.0,GBP,2023-07-22,Paid
CALL0369,ALC0302,INV034,DEAL010,1,2023-07-22,81000.0,GBP,2023-07-22,Paid
CALL0370,ALC0303,INV087,DEAL010,1,2023-07-22,21000.0,GBP,2023-07-22,Paid
CALL0371,ALC0304,INV009,DEAL010,1,2023-07-22,21000.0,GBP,2023-07-22,Paid
CALL0372,ALC0305,INV033,DEAL010,1,2023-07-22,57000.0,GBP,2023-07-22,Paid
CALL0373,ALC0306,INV103,DEAL010,1,2023-07-22,32000.0,GBP,2023-07-22,Paid
CALL0374,ALC0307,INV050,DEAL010,1,2023-07-22,50000.0,GBP,2023-07-22,Paid
CALL0375,ALC0308,INV041,DEAL010,1,2023-07-22,10000.0,GBP,2023-07-22,Paid
CALL0376,ALC0309,INV077,DEAL010,1,2023-07-22,56000.0,GBP,2023-07-22,Paid
CALL0377,ALC0310,INV014,DEAL011,1,2023-04-14,43000.0,EUR,2023-04-14,Paid
CALL0378,ALC0311,INV011,DEAL011,1,2023-04-14,52000.0,EUR,2023-04-14,Paid
CALL0379,ALC0312,INV008,DEAL011,1,2023-04-14,625000.0,EUR,2023-04-14,Paid
CALL0380,ALC0313,INV058,DEAL011,1,2023-04-14,167000.0,EUR,2023-04-14,Paid
CALL0381,ALC0314,INV040,DEAL011,1,2023-04-14,67000.0,EUR,2023-04-14,Paid
CALL0382,ALC0315,INV019,DEAL011,1,2023-04-14,30000.0,EUR,2023-04-14,Paid
CALL0383,ALC0316,INV084,DEAL011,1,2023-04-14,70000.0,EUR,2023-04-14,Paid
CALL0384,ALC0317,INV048,DEAL011,1,2023-04-14,63000.0,EUR,2023-04-14,Paid
CALL0385,ALC0318,INV047,DEAL011,1,2023-04-14,80000.0,EUR,2023-04-14,Paid
CALL0386,ALC0319,INV061,DEAL011,1,2023-04-14,54000.0,EUR,2023-04-14,Paid
CALL0387,ALC0320,INV052,DEAL011,1,2023-04-14,43000.0,EUR,2023-04-14,Paid
CALL0388,ALC0321,INV090,DEAL011,1,2023-04-14,58000.0,EUR,2023-04-14,Paid
CALL0389,ALC0322,INV043,DEAL011,1,2023-04-14,56000.0,EUR,2023-04-14,Paid
CALL0390,ALC0323,INV031,DEAL011,1,2023-04-14,48000.0,EUR,2023-04-14,Paid
CALL0391,ALC0324,INV077,DEAL011,1,2023-04-14,33000.0,EUR,2023-04-14,Paid
CALL0392,ALC0325,INV072,DEAL011,1,2023-04-14,23000.0,EUR,2023-04-14,Paid
CALL0393,ALC0326,INV056,DEAL011,1,2023-04-14,119000.0,EUR,2023-04-14,Paid
CALL0394,ALC0327,INV035,DEAL011,1,2023-04-14,32000.0,EUR,2023-04-14,Paid
CALL0395,ALC0328,INV046,DEAL011,1,2023-04-14,55000.0,EUR,2023-04-14,Paid
CALL0396,ALC0329,INV112,DEAL011,1,2023-04-14,72000.0,EUR,2023-04-14,Paid
CALL0397,ALC0330,INV064,DEAL011,1,2023-04-14,76000.0,EUR,2023-04-14,Paid
CALL0398,ALC0331,INV096,DEAL011,1,2023-04-14,70000.0,EUR,2023-04-14,Paid
CALL0399,ALC0332,INV050,DEAL011,1,2023-04-14,64000.0,EUR,2023-04-14,Paid
CALL0400,ALC0333,INV009,DEAL012,1,2023-10-02,66000.0,AED,2023-10-02,Paid
CALL0401,ALC0334,INV005,DEAL012,1,2023-10-02,500000.0,AED,2023-10-02,Paid
CALL0402,ALC0335,INV077,DEAL012,1,2023-10-02,29000.0,AED,2023-10-02,Paid
CALL0403,ALC0336,INV052,DEAL012,1,2023-10-02,99000.0,AED,2023-10-02,Paid
CALL0404,ALC0337,INV103,DEAL012,1,2023-10-02,41000.0,AED,2023-10-02,Paid
CALL0405,ALC0338,INV040,DEAL012,1,2023-10-02,49000.0,AED,2023-10-02,Paid
CALL0406,ALC0339,INV042,DEAL012,1,2023-10-02,25000.0,AED,2023-10-02,Paid
CALL0407,ALC0340,INV066,DEAL012,1,2023-10-02,103000.0,AED,2023-10-02,Paid
CALL0408,ALC0341,INV057,DEAL012,1,2023-10-02,88000.0,AED,2023-10-02,Paid
CALL0409,ALC0342,INV012,DEAL013,1,2022-08-30,76000.0,USD,2022-08-30,Paid
CALL0410,ALC0343,INV015,DEAL013,1,2022-08-30,16000.0,USD,2022-08-30,Paid
CALL0411,ALC0344,INV018,DEAL013,1,2022-08-30,69000.0,USD,2022-08-30,Paid
CALL0412,ALC0345,INV019,DEAL013,1,2022-08-30,31000.0,USD,2022-08-30,Paid
CALL0413,ALC0346,INV003,DEAL013,1,2022-08-30,575000.0,USD,2022-08-30,Paid
CALL0414,ALC0347,INV026,DEAL013,1,2022-08-30,22000.0,USD,2022-08-30,Paid
CALL0415,ALC0348,INV045,DEAL013,1,2022-08-30,45000.0,USD,2022-08-30,Paid
CALL0416,ALC0349,INV109,DEAL013,1,2022-08-30,67000.0,USD,2022-08-30,Paid
CALL0417,ALC0350,INV092,DEAL013,1,2022-08-30,31000.0,USD,2022-08-30,Paid
CALL0418,ALC0351,INV104,DEAL013,1,2022-08-30,28000.0,USD,2022-08-30,Paid
CALL0419,ALC0352,INV075,DEAL013,1,2022-08-30,75000.0,USD,2022-08-30,Paid
CALL0420,ALC0353,INV049,DEAL013,1,2022-08-30,36000.0,USD,2022-08-30,Paid
CALL0421,ALC0354,INV085,DEAL013,1,2022-08-30,13000.0,USD,2022-08-30,Paid
CALL0422,ALC0355,INV077,DEAL013,1,2022-08-30,30000.0,USD,2022-08-30,Paid
CALL0423,ALC0356,INV048,DEAL013,1,2022-08-30,41000.0,USD,2022-08-30,Paid
CALL0424,ALC0357,INV052,DEAL013,1,2022-08-30,29000.0,USD,2022-08-30,Paid
CALL0425,ALC0358,INV036,DEAL013,1,2022-08-30,80000.0,USD,2022-08-30,Paid
CALL0426,ALC0359,INV017,DEAL013,1,2022-08-30,110000.0,USD,2022-08-30,Paid
CALL0427,ALC0360,INV040,DEAL013,1,2022-08-30,32000.0,USD,2022-08-30,Paid
CALL0428,ALC0361,INV043,DEAL013,1,2022-08-30,35000.0,USD,2022-08-30,Paid
CALL0429,ALC0362,INV112,DEAL013,1,2022-08-30,16000.0,USD,2022-08-30,Paid
CALL0430,ALC0363,INV074,DEAL013,1,2022-08-30,20000.0,USD,2022-08-30,Paid
CALL0431,ALC0364,INV093,DEAL013,1,2022-08-30,58000.0,USD,2022-08-30,Paid
CALL0432,ALC0365,INV020,DEAL013,1,2022-08-30,141000.0,USD,2022-08-30,Paid
CALL0433,ALC0366,INV079,DEAL013,1,2022-08-30,39000.0,USD,2022-08-30,Paid
CALL0434,ALC0367,INV066,DEAL013,1,2022-08-30,52000.0,USD,2022-08-30,Paid
CALL0435,ALC0368,INV072,DEAL013,1,2022-08-30,33000.0,USD,2022-08-30,Paid
CALL0436,ALC0369,INV007,DEAL014,1,2024-09-10,487500.0,USD,2024-09-10,Paid
CALL0437,ALC0369,INV007,DEAL014,2,2026-08-15,487500.0,USD,2026-09-15,Upcoming
CALL0438,ALC0370,INV012,DEAL014,1,2024-09-10,11000.0,USD,2024-09-10,Paid
CALL0439,ALC0370,INV012,DEAL014,2,2026-08-15,11000.0,USD,2026-09-15,Upcoming
CALL0440,ALC0371,INV006,DEAL014,1,2024-09-10,500000.0,USD,2024-09-10,Paid
CALL0441,ALC0371,INV006,DEAL014,2,2026-08-15,500000.0,USD,2026-09-15,Upcoming
CALL0442,ALC0372,INV042,DEAL014,1,2024-09-10,10000.0,USD,2024-09-10,Paid
CALL0443,ALC0372,INV042,DEAL014,2,2026-08-15,10000.0,USD,2026-09-15,Upcoming
CALL0444,ALC0373,INV112,DEAL014,1,2024-09-10,22000.0,USD,2024-09-10,Paid
CALL0445,ALC0373,INV112,DEAL014,2,2026-08-15,22000.0,USD,2026-09-15,Upcoming
CALL0446,ALC0374,INV072,DEAL014,1,2024-09-10,42500.0,USD,2024-09-10,Paid
CALL0447,ALC0374,INV072,DEAL014,2,2026-08-15,42500.0,USD,2026-09-15,Upcoming
CALL0448,ALC0375,INV010,DEAL014,1,2024-09-10,87000.0,USD,2024-09-10,Paid
CALL0449,ALC0375,INV010,DEAL014,2,2026-08-15,87000.0,USD,2026-09-15,Upcoming
CALL0450,ALC0376,INV091,DEAL014,1,2024-09-10,20000.0,USD,2024-09-10,Paid
CALL0451,ALC0376,INV091,DEAL014,2,2026-08-15,20000.0,USD,2026-09-15,Upcoming
CALL0452,ALC0377,INV034,DEAL014,1,2024-09-10,11500.0,USD,2024-09-10,Paid
CALL0453,ALC0377,INV034,DEAL014,2,2026-08-15,11500.0,USD,2026-09-15,Upcoming
CALL0454,ALC0378,INV062,DEAL014,1,2024-09-10,40500.0,USD,2024-09-10,Paid
CALL0455,ALC0378,INV062,DEAL014,2,2026-08-15,40500.0,USD,2026-09-15,Upcoming
CALL0456,ALC0379,INV090,DEAL014,1,2024-09-10,38500.0,USD,2024-09-10,Paid
CALL0457,ALC0379,INV090,DEAL014,2,2026-08-15,38500.0,USD,2026-09-15,Upcoming
CALL0458,ALC0380,INV018,DEAL014,1,2024-09-10,19000.0,USD,2024-09-10,Paid
CALL0459,ALC0380,INV018,DEAL014,2,2026-08-15,19000.0,USD,2026-09-15,Upcoming
CALL0460,ALC0381,INV049,DEAL014,1,2024-09-10,13500.0,USD,2024-09-10,Paid
CALL0461,ALC0381,INV049,DEAL014,2,2026-08-15,13500.0,USD,2026-09-15,Upcoming
CALL0462,ALC0382,INV096,DEAL014,1,2024-09-10,79000.0,USD,2024-09-10,Paid
CALL0463,ALC0382,INV096,DEAL014,2,2026-08-15,79000.0,USD,2026-09-15,Upcoming
CALL0464,ALC0383,INV109,DEAL014,1,2024-09-10,9500.0,USD,2024-09-10,Paid
CALL0465,ALC0383,INV109,DEAL014,2,2026-08-15,9500.0,USD,2026-09-15,Upcoming
CALL0466,ALC0384,INV081,DEAL014,1,2024-09-10,8500.0,USD,2024-09-10,Paid
CALL0467,ALC0384,INV081,DEAL014,2,2026-08-15,8500.0,USD,2026-09-15,Upcoming
CALL0468,ALC0385,INV003,DEAL014,1,2024-09-10,17500.0,USD,2024-09-10,Paid
CALL0469,ALC0385,INV003,DEAL014,2,2026-08-15,17500.0,USD,2026-09-15,Upcoming
CALL0470,ALC0386,INV041,DEAL014,1,2024-09-10,32000.0,USD,2024-09-10,Paid
CALL0471,ALC0386,INV041,DEAL014,2,2026-08-15,32000.0,USD,2026-09-15,Upcoming
CALL0472,ALC0387,INV030,DEAL014,1,2024-09-10,32500.0,USD,2024-09-10,Paid
CALL0473,ALC0387,INV030,DEAL014,2,2026-08-15,32500.0,USD,2026-09-15,Upcoming
CALL0474,ALC0388,INV026,DEAL014,1,2024-09-10,74000.0,USD,2024-09-10,Paid
CALL0475,ALC0388,INV026,DEAL014,2,2026-08-15,74000.0,USD,2026-09-15,Upcoming
CALL0476,ALC0389,INV040,DEAL014,1,2024-09-10,33000.0,USD,2024-09-10,Paid
CALL0477,ALC0389,INV040,DEAL014,2,2026-08-15,33000.0,USD,2026-09-15,Upcoming
CALL0478,ALC0390,INV056,DEAL014,1,2024-09-10,8000.0,USD,2024-09-10,Paid
CALL0479,ALC0390,INV056,DEAL014,2,2026-08-15,8000.0,USD,2026-09-15,Upcoming
CALL0480,ALC0391,INV093,DEAL014,1,2024-09-10,18500.0,USD,2024-09-10,Paid
CALL0481,ALC0391,INV093,DEAL014,2,2026-08-15,18500.0,USD,2026-09-15,Upcoming
CALL0482,ALC0392,INV106,DEAL014,1,2024-09-10,13000.0,USD,2024-09-10,Paid
CALL0483,ALC0392,INV106,DEAL014,2,2026-08-15,13000.0,USD,2026-09-15,Upcoming
CALL0484,ALC0393,INV061,DEAL014,1,2024-09-10,5000.0,USD,2024-09-10,Paid
CALL0485,ALC0393,INV061,DEAL014,2,2026-08-15,5000.0,USD,2026-09-15,Upcoming
CALL0486,ALC0394,INV053,DEAL014,1,2024-09-10,47000.0,USD,2024-09-10,Paid
CALL0487,ALC0394,INV053,DEAL014,2,2026-08-15,47000.0,USD,2026-09-15,Upcoming
CALL0488,ALC0395,INV066,DEAL014,1,2024-09-10,21000.0,USD,2024-09-10,Paid
CALL0489,ALC0395,INV066,DEAL014,2,2026-08-15,21000.0,USD,2026-09-15,Upcoming
CALL0490,ALC0396,INV043,DEAL014,1,2024-09-10,5500.0,USD,2024-09-10,Paid
CALL0491,ALC0396,INV043,DEAL014,2,2026-08-15,5500.0,USD,2026-09-15,Upcoming
CALL0492,ALC0397,INV082,DEAL014,1,2024-09-10,28500.0,USD,2024-09-10,Paid
CALL0493,ALC0397,INV082,DEAL014,2,2026-08-15,28500.0,USD,2026-09-15,Upcoming
CALL0494,ALC0398,INV017,DEAL014,1,2024-09-10,39000.0,USD,2024-09-10,Paid
CALL0495,ALC0398,INV017,DEAL014,2,2026-08-15,39000.0,USD,2026-09-15,Upcoming
CALL0496,ALC0399,INV051,DEAL014,1,2024-09-10,27500.0,USD,2024-09-10,Paid
CALL0497,ALC0399,INV051,DEAL014,2,2026-08-15,27500.0,USD,2026-09-15,Upcoming
CALL0498,ALC0400,INV097,DEAL014,1,2024-09-10,11000.0,USD,2024-09-10,Paid
CALL0499,ALC0400,INV097,DEAL014,2,2026-08-15,11000.0,USD,2026-09-15,Upcoming
CALL0500,ALC0401,INV084,DEAL014,1,2024-09-10,29000.0,USD,2024-09-10,Paid
CALL0501,ALC0401,INV084,DEAL014,2,2026-08-15,29000.0,USD,2026-09-15,Upcoming
CALL0502,ALC0402,INV105,DEAL014,1,2024-09-10,21000.0,USD,2024-09-10,Paid
CALL0503,ALC0402,INV105,DEAL014,2,2026-08-15,21000.0,USD,2026-09-15,Upcoming
CALL0504,ALC0403,INV046,DEAL014,1,2024-09-10,35000.0,USD,2024-09-10,Paid
CALL0505,ALC0403,INV046,DEAL014,2,2026-08-15,35000.0,USD,2026-09-15,Upcoming
CALL0506,ALC0404,INV108,DEAL014,1,2024-09-10,52500.0,USD,2024-09-10,Paid
CALL0507,ALC0404,INV108,DEAL014,2,2026-08-15,52500.0,USD,2026-09-15,Upcoming
CALL0508,ALC0405,INV067,DEAL014,1,2024-09-10,9500.0,USD,2024-09-10,Paid
CALL0509,ALC0405,INV067,DEAL014,2,2026-08-15,9500.0,USD,2026-09-15,Upcoming
CALL0510,ALC0406,INV069,DEAL014,1,2024-09-10,13500.0,USD,2024-09-10,Paid
CALL0511,ALC0406,INV069,DEAL014,2,2026-08-15,13500.0,USD,2026-09-15,Upcoming
CALL0512,ALC0407,INV050,DEAL014,1,2024-09-10,26500.0,USD,2024-09-10,Paid
CALL0513,ALC0407,INV050,DEAL014,2,2026-08-15,26500.0,USD,2026-09-15,Upcoming
CALL0514,ALC0408,INV013,DEAL015,1,2023-01-12,68000.0,USD,2023-01-12,Paid
CALL0515,ALC0409,INV087,DEAL015,1,2023-01-12,11000.0,USD,2023-01-12,Paid
CALL0516,ALC0410,INV090,DEAL015,1,2023-01-12,21000.0,USD,2023-01-12,Paid
CALL0517,ALC0411,INV109,DEAL015,1,2023-01-12,32000.0,USD,2023-01-12,Paid
CALL0518,ALC0412,INV014,DEAL015,1,2023-01-12,69000.0,USD,2023-01-12,Paid
CALL0519,ALC0413,INV017,DEAL015,1,2023-01-12,48000.0,USD,2023-01-12,Paid
CALL0520,ALC0414,INV041,DEAL015,1,2023-01-12,66000.0,USD,2023-01-12,Paid
CALL0521,ALC0415,INV112,DEAL015,1,2023-01-12,50000.0,USD,2023-01-12,Paid
CALL0522,ALC0416,INV093,DEAL015,1,2023-01-12,46000.0,USD,2023-01-12,Paid
CALL0523,ALC0417,INV094,DEAL015,1,2023-01-12,103000.0,USD,2023-01-12,Paid
CALL0524,ALC0418,INV084,DEAL015,1,2023-01-12,37000.0,USD,2023-01-12,Paid
CALL0525,ALC0419,INV044,DEAL015,1,2023-01-12,41000.0,USD,2023-01-12,Paid
CALL0526,ALC0420,INV074,DEAL015,1,2023-01-12,72000.0,USD,2023-01-12,Paid
CALL0527,ALC0421,INV035,DEAL015,1,2023-01-12,31000.0,USD,2023-01-12,Paid
CALL0528,ALC0422,INV096,DEAL015,1,2023-01-12,133000.0,USD,2023-01-12,Paid
CALL0529,ALC0423,INV102,DEAL015,1,2023-01-12,38000.0,USD,2023-01-12,Paid
CALL0530,ALC0424,INV034,DEAL015,1,2023-01-12,34000.0,USD,2023-01-12,Paid
CALL0531,ALC0425,INV014,DEAL016,1,2023-05-19,56000.0,EUR,2023-05-19,Paid
CALL0532,ALC0426,INV016,DEAL016,1,2023-05-19,25000.0,EUR,2023-05-19,Paid
CALL0533,ALC0427,INV007,DEAL016,1,2023-05-19,775000.0,EUR,2023-05-19,Paid
CALL0534,ALC0428,INV050,DEAL016,1,2023-05-19,16000.0,EUR,2023-05-19,Paid
CALL0535,ALC0429,INV084,DEAL016,1,2023-05-19,20000.0,EUR,2023-05-19,Paid
CALL0536,ALC0430,INV058,DEAL016,1,2023-05-19,49000.0,EUR,2023-05-19,Paid
CALL0537,ALC0431,INV066,DEAL016,1,2023-05-19,36000.0,EUR,2023-05-19,Paid
CALL0538,ALC0432,INV085,DEAL016,1,2023-05-19,70000.0,EUR,2023-05-19,Paid
CALL0539,ALC0433,INV005,DEAL016,1,2023-05-19,30000.0,EUR,2023-05-19,Paid
CALL0540,ALC0434,INV041,DEAL016,1,2023-05-19,72000.0,EUR,2023-05-19,Paid
CALL0541,ALC0435,INV095,DEAL016,1,2023-05-19,38000.0,EUR,2023-05-19,Paid
CALL0542,ALC0436,INV010,DEAL016,1,2023-05-19,38000.0,EUR,2023-05-19,Paid
CALL0543,ALC0437,INV003,DEAL016,1,2023-05-19,29000.0,EUR,2023-05-19,Paid
CALL0544,ALC0438,INV042,DEAL016,1,2023-05-19,39000.0,EUR,2023-05-19,Paid
CALL0545,ALC0439,INV052,DEAL016,1,2023-05-19,81000.0,EUR,2023-05-19,Paid
CALL0546,ALC0440,INV038,DEAL016,1,2023-05-19,59000.0,EUR,2023-05-19,Paid
CALL0547,ALC0441,INV044,DEAL016,1,2023-05-19,207000.0,EUR,2023-05-19,Paid
CALL0548,ALC0442,INV033,DEAL016,1,2023-05-19,114000.0,EUR,2023-05-19,Paid
CALL0549,ALC0443,INV106,DEAL016,1,2023-05-19,193000.0,EUR,2023-05-19,Paid
CALL0550,ALC0444,INV053,DEAL016,1,2023-05-19,151000.0,EUR,2023-05-19,Paid
CALL0551,ALC0445,INV056,DEAL016,1,2023-05-19,80000.0,EUR,2023-05-19,Paid
CALL0552,ALC0446,INV105,DEAL016,1,2023-05-19,24000.0,EUR,2023-05-19,Paid
CALL0553,ALC0447,INV109,DEAL016,1,2023-05-19,27000.0,EUR,2023-05-19,Paid
CALL0554,ALC0448,INV096,DEAL016,1,2023-05-19,79000.0,EUR,2023-05-19,Paid
CALL0555,ALC0449,INV062,DEAL016,1,2023-05-19,32000.0,EUR,2023-05-19,Paid
CALL0556,ALC0450,INV059,DEAL016,1,2023-05-19,64000.0,EUR,2023-05-19,Paid
CALL0557,ALC0451,INV040,DEAL016,1,2023-05-19,57000.0,EUR,2023-05-19,Paid
CALL0558,ALC0452,INV087,DEAL016,1,2023-05-19,39000.0,EUR,2023-05-19,Paid
CALL0559,ALC0453,INV017,DEAL017,1,2024-03-08,62000.0,GBP,2024-03-08,Paid
CALL0560,ALC0454,INV004,DEAL017,1,2024-03-08,700000.0,GBP,2024-03-08,Paid
CALL0561,ALC0455,INV019,DEAL017,1,2024-03-08,39000.0,GBP,2024-03-08,Paid
CALL0562,ALC0456,INV062,DEAL017,1,2024-03-08,34000.0,GBP,2024-03-08,Paid
CALL0563,ALC0457,INV105,DEAL017,1,2024-03-08,68000.0,GBP,2024-03-08,Paid
CALL0564,ALC0458,INV033,DEAL017,1,2024-03-08,25000.0,GBP,2024-03-08,Paid
CALL0565,ALC0459,INV043,DEAL017,1,2024-03-08,27000.0,GBP,2024-03-08,Paid
CALL0566,ALC0460,INV067,DEAL017,1,2024-03-08,44000.0,GBP,2024-03-08,Paid
CALL0567,ALC0461,INV041,DEAL017,1,2024-03-08,22000.0,GBP,2024-03-08,Paid
CALL0568,ALC0462,INV052,DEAL017,1,2024-03-08,97000.0,GBP,2024-03-08,Paid
CALL0569,ALC0463,INV035,DEAL017,1,2024-03-08,36000.0,GBP,2024-03-08,Paid
CALL0570,ALC0464,INV018,DEAL017,1,2024-03-08,102000.0,GBP,2024-03-08,Paid
CALL0571,ALC0465,INV010,DEAL017,1,2024-03-08,144000.0,GBP,2024-03-08,Paid
CALL0572,ALC0466,INV011,DEAL018,1,2024-01-22,23000.0,EUR,2024-01-22,Paid
CALL0573,ALC0467,INV014,DEAL018,1,2024-01-22,57000.0,EUR,2024-01-22,Paid
CALL0574,ALC0468,INV008,DEAL018,1,2024-01-22,775000.0,EUR,2024-01-22,Paid
CALL0575,ALC0469,INV017,DEAL018,1,2024-01-22,23000.0,EUR,2024-01-22,Paid
CALL0576,ALC0470,INV026,DEAL018,1,2024-01-22,11000.0,EUR,2024-01-22,Paid
CALL0577,ALC0471,INV058,DEAL018,1,2024-01-22,55000.0,EUR,2024-01-22,Paid
CALL0578,ALC0472,INV087,DEAL018,1,2024-01-22,63000.0,EUR,2024-01-22,Paid
CALL0579,ALC0473,INV067,DEAL018,1,2024-01-22,36000.0,EUR,2024-01-22,Paid
CALL0580,ALC0474,INV040,DEAL018,1,2024-01-22,16000.0,EUR,2024-01-22,Paid
CALL0581,ALC0475,INV106,DEAL018,1,2024-01-22,64000.0,EUR,2024-01-22,Paid
CALL0582,ALC0476,INV095,DEAL018,1,2024-01-22,36000.0,EUR,2024-01-22,Paid
CALL0583,ALC0477,INV098,DEAL018,1,2024-01-22,54000.0,EUR,2024-01-22,Paid
CALL0584,ALC0478,INV018,DEAL018,1,2024-01-22,48000.0,EUR,2024-01-22,Paid
CALL0585,ALC0479,INV006,DEAL018,1,2024-01-22,76000.0,EUR,2024-01-22,Paid
CALL0586,ALC0480,INV093,DEAL018,1,2024-01-22,15000.0,EUR,2024-01-22,Paid
CALL0587,ALC0481,INV091,DEAL018,1,2024-01-22,79000.0,EUR,2024-01-22,Paid
CALL0588,ALC0482,INV041,DEAL018,1,2024-01-22,20000.0,EUR,2024-01-22,Paid
CALL0589,ALC0483,INV033,DEAL018,1,2024-01-22,31000.0,EUR,2024-01-22,Paid
CALL0590,ALC0484,INV080,DEAL018,1,2024-01-22,82000.0,EUR,2024-01-22,Paid
CALL0591,ALC0485,INV073,DEAL018,1,2024-01-22,25000.0,EUR,2024-01-22,Paid
CALL0592,ALC0486,INV108,DEAL018,1,2024-01-22,40000.0,EUR,2024-01-22,Paid
CALL0593,ALC0487,INV056,DEAL018,1,2024-01-22,54000.0,EUR,2024-01-22,Paid
CALL0594,ALC0488,INV084,DEAL018,1,2024-01-22,27000.0,EUR,2024-01-22,Paid
CALL0595,ALC0489,INV042,DEAL018,1,2024-01-22,27000.0,EUR,2024-01-22,Paid
CALL0596,ALC0490,INV038,DEAL018,1,2024-01-22,21000.0,EUR,2024-01-22,Paid
CALL0597,ALC0491,INV052,DEAL018,1,2024-01-22,28000.0,EUR,2024-01-22,Paid
CALL0598,ALC0492,INV050,DEAL018,1,2024-01-22,30000.0,EUR,2024-01-22,Paid
CALL0599,ALC0493,INV029,DEAL018,1,2024-01-22,77000.0,EUR,2024-01-22,Paid
CALL0600,ALC0494,INV066,DEAL018,1,2024-01-22,56000.0,EUR,2024-01-22,Paid
CALL0601,ALC0495,INV003,DEAL018,1,2024-01-22,36000.0,EUR,2024-01-22,Paid
CALL0602,ALC0496,INV075,DEAL018,1,2024-01-22,33000.0,EUR,2024-01-22,Paid
CALL0603,ALC0497,INV053,DEAL018,1,2024-01-22,42000.0,EUR,2024-01-22,Paid
CALL0604,ALC0498,INV035,DEAL018,1,2024-01-22,54000.0,EUR,2024-01-22,Paid
CALL0605,ALC0499,INV102,DEAL018,1,2024-01-22,56000.0,EUR,2024-01-22,Paid
CALL0606,ALC0500,INV039,DEAL018,1,2024-01-22,119000.0,EUR,2024-01-22,Paid
CALL0607,ALC0501,INV027,DEAL018,1,2024-01-22,103000.0,EUR,2024-01-22,Paid
CALL0608,ALC0502,INV045,DEAL018,1,2024-01-22,22000.0,EUR,2024-01-22,Paid
CALL0609,ALC0503,INV081,DEAL018,1,2024-01-22,28000.0,EUR,2024-01-22,Paid
CALL0610,ALC0504,INV055,DEAL018,1,2024-01-22,23000.0,EUR,2024-01-22,Paid
CALL0611,ALC0505,INV070,DEAL018,1,2024-01-22,59000.0,EUR,2024-01-22,Paid
CALL0612,ALC0506,INV110,DEAL018,1,2024-01-22,55000.0,EUR,2024-01-22,Paid
CALL0613,ALC0507,INV100,DEAL018,1,2024-01-22,21000.0,EUR,2024-01-22,Paid
CALL0614,ALC0508,INV016,DEAL019,1,2024-05-15,32000.0,EUR,2024-05-15,Paid
CALL0615,ALC0509,INV011,DEAL019,1,2024-05-15,34000.0,EUR,2024-05-15,Paid
CALL0616,ALC0510,INV014,DEAL019,1,2024-05-15,52000.0,EUR,2024-05-15,Paid
CALL0617,ALC0511,INV053,DEAL019,1,2024-05-15,600000.0,EUR,2024-05-15,Paid
CALL0618,ALC0512,INV108,DEAL019,1,2024-05-15,44000.0,EUR,2024-05-15,Paid
CALL0619,ALC0513,INV106,DEAL019,1,2024-05-15,40000.0,EUR,2024-05-15,Paid
CALL0620,ALC0514,INV041,DEAL019,1,2024-05-15,18000.0,EUR,2024-05-15,Paid
CALL0621,ALC0515,INV058,DEAL019,1,2024-05-15,36000.0,EUR,2024-05-15,Paid
CALL0622,ALC0516,INV039,DEAL019,1,2024-05-15,103000.0,EUR,2024-05-15,Paid
CALL0623,ALC0517,INV018,DEAL019,1,2024-05-15,60000.0,EUR,2024-05-15,Paid
CALL0624,ALC0518,INV066,DEAL019,1,2024-05-15,37000.0,EUR,2024-05-15,Paid
CALL0625,ALC0519,INV040,DEAL019,1,2024-05-15,44000.0,EUR,2024-05-15,Paid
CALL0626,ALC0520,INV013,DEAL020,1,2022-12-05,21000.0,USD,2022-12-05,Paid
CALL0627,ALC0521,INV015,DEAL020,1,2022-12-05,13000.0,USD,2022-12-05,Paid
CALL0628,ALC0522,INV007,DEAL020,1,2022-12-05,625000.0,USD,2022-12-05,Paid
CALL0629,ALC0523,INV019,DEAL020,1,2022-12-05,49000.0,USD,2022-12-05,Paid
CALL0630,ALC0524,INV003,DEAL020,1,2022-12-05,650000.0,USD,2022-12-05,Paid
CALL0631,ALC0525,INV052,DEAL020,1,2022-12-05,50000.0,USD,2022-12-05,Paid
CALL0632,ALC0526,INV058,DEAL020,1,2022-12-05,44000.0,USD,2022-12-05,Paid
CALL0633,ALC0527,INV067,DEAL020,1,2022-12-05,42000.0,USD,2022-12-05,Paid
CALL0634,ALC0528,INV053,DEAL020,1,2022-12-05,29000.0,USD,2022-12-05,Paid
CALL0635,ALC0529,INV093,DEAL020,1,2022-12-05,68000.0,USD,2022-12-05,Paid
CALL0636,ALC0530,INV050,DEAL020,1,2022-12-05,37000.0,USD,2022-12-05,Paid
CALL0637,ALC0531,INV066,DEAL020,1,2022-12-05,43000.0,USD,2022-12-05,Paid
CALL0638,ALC0532,INV038,DEAL020,1,2022-12-05,36000.0,USD,2022-12-05,Paid
CALL0639,ALC0533,INV087,DEAL020,1,2022-12-05,133000.0,USD,2022-12-05,Paid
CALL0640,ALC0534,INV084,DEAL020,1,2022-12-05,34000.0,USD,2022-12-05,Paid
CALL0641,ALC0535,INV014,DEAL020,1,2022-12-05,45000.0,USD,2022-12-05,Paid
CALL0642,ALC0536,INV026,DEAL020,1,2022-12-05,52000.0,USD,2022-12-05,Paid
CALL0643,ALC0537,INV017,DEAL020,1,2022-12-05,35000.0,USD,2022-12-05,Paid
CALL0644,ALC0538,INV106,DEAL020,1,2022-12-05,168000.0,USD,2022-12-05,Paid
CALL0645,ALC0539,INV018,DEAL020,1,2022-12-05,26000.0,USD,2022-12-05,Paid
CALL0646,ALC0540,INV018,DEAL021,1,2024-11-18,67000.0,USD,2024-11-18,Paid
CALL0647,ALC0541,INV012,DEAL021,1,2024-11-18,92000.0,USD,2024-11-18,Paid
CALL0648,ALC0543,INV003,DEAL021,1,2024-11-18,750000.0,USD,2024-11-18,Paid
CALL0649,ALC0544,INV067,DEAL021,1,2024-11-18,73000.0,USD,2024-11-18,Paid
CALL0650,ALC0545,INV087,DEAL021,1,2024-11-18,69000.0,USD,2024-11-18,Paid
CALL0651,ALC0546,INV093,DEAL021,1,2024-11-18,44000.0,USD,2024-11-18,Paid
CALL0652,ALC0547,INV106,DEAL021,1,2024-11-18,40000.0,USD,2024-11-18,Paid
CALL0653,ALC0548,INV029,DEAL021,1,2024-11-18,50000.0,USD,2024-11-18,Paid
CALL0654,ALC0549,INV038,DEAL021,1,2024-11-18,21000.0,USD,2024-11-18,Paid
CALL0655,ALC0550,INV073,DEAL021,1,2024-11-18,57000.0,USD,2024-11-18,Paid
